旭川市旭山動物園,あさひかわしあさひやまどうぶつえん,https://upload.wikimedia.org/wikipedia/commons/e/ef/%E6%97%AD%E5%B7%9D%E5%B8%82%E6%97%AD%E5%B1%B1%E5%8B%95%E7%89%A9%E5%9C%92_-_panoramio.jpg,北海道
博物館網走監獄,はくぶつかんあばしりかんごく,https://live.staticflickr.com/3917/15161969908_86cac5f4b1_b.jpg,北海道
函館山,はこだてやま,https://live.staticflickr.com/1731/27654815497_08216551be_b.jpg,北海道
昭和新山,しょうわしんざん,"https://encrypted-tbn2.gstatic.com/faviconV2?url=https://commons.wikimedia.org&client=VFE&size=32&type=FAVICON&fallback_opts=TYPE,SIZE,URL&nfrp=2",北海道
富良野のラベンダー,ふらののらべんだー,https://live.staticflickr.com/4911/32664010248_87c0f501ca_b.jpg,北海道
洞爺湖,とうやこ,https://upload.wikimedia.org/wikipedia/commons/9/90/Lake-toya%E3%80%81%E6%B4%9E%E7%88%BA%E6%B9%96_%E6%B5%AE%E8%A6%8B%E5%A0%82%E5%85%AC%E5%9C%92.jpg,北海道
五稜郭タワー,ごりょうかくたわー,"https://encrypted-tbn2.gstatic.com/faviconV2?url=https://commons.wikimedia.org&client=VFE&size=32&type=FAVICON&fallback_opts=TYPE,SIZE,URL&nfrp=2",北海道
五稜郭公園,ごりょうかくこうえん,https://live.staticflickr.com/7587/16755043060_f1c05141d2_b.jpg,北海道
流氷砕氷船 ガリンコ号2,りゅうひょうさいひょうふね がりんこごう2,https://live.staticflickr.com/4754/26365956948_c35f4731bc_b.jpg,北海道
地獄谷,じごくだに,https://live.staticflickr.com/65535/46899130775_312c14882c_b.jpg,北海道
地球岬展望台,ちきゅうみさきてんぼうだい,https://live.staticflickr.com/65535/40848965603_0a59a8ba8e_b.jpg,北海道
ノシャップ岬,のしゃっぷみさき,https://live.staticflickr.com/7917/32505304827_55009b058c_b.jpg,北海道
オホーツク流氷館,おほーつくりゅうひょうかん,https://live.staticflickr.com/6024/5987127783_c72f4662c2_b.jpg,北海道
函館の坂道 八幡坂・基坂,はこだてのさかみち はちまんさか・もとさか,,北海道
カルビー千歳工場,かるびーちとせこうじょう,,北海道
函館市熱帯植物園,はこだてしねったいしょくぶつえん,https://upload.wikimedia.org/wikipedia/commons/e/e7/Hakodate_Tropical_Botanical_Garden.JPG,北海道
定山渓温泉,じょうざんけいおんせん,https://upload.wikimedia.org/wikipedia/commons/f/fb/%E5%AE%9A%E5%B1%B1%E6%B8%93%E6%B8%A9%E6%B3%89_-_panoramio.jpg,北海道
小樽運河,おたるうんが,https://live.staticflickr.com/7318/9071903775_e9a63133b4_b.jpg,北海道
白糸の滝（北海道）,しろいとのたき（ほっかいどう）,https://upload.wikimedia.org/wikipedia/commons/8/86/Shiraito_Falls_100814.jpg,北海道
ムーニャの散歩道,むーにゃのさんぽみち,,北海道
北海道キッコーマン,ほっかいどうきっこーまん,https://tshop.r10s.jp/arigatogiving/cabinet/08048434/imgrc0083173679.jpg,北海道
根釧原野,こんせんげんや,https://upload.wikimedia.org/wikipedia/commons/f/fd/Konsen_Plateau.JPG,北海道
サッポロビール博物館,さっぽろびーるはくぶつかん,https://upload.wikimedia.org/wikipedia/commons/a/a6/Sapporo_Beer_Museum.jpg,北海道
白ひげの滝,しろひげのたき,https://live.staticflickr.com/3420/3292893432_255743f82f_b.jpg,北海道
旧函館区公会堂,きゅうはこだてくこうかいどう,https://live.staticflickr.com/1727/27654738257_d2ea7878b6_b.jpg,北海道
フットパス　昭和新山・有珠山頂コース,ふっとぱす　しょうわしんざん・うすさんちょうこーす,,北海道
ふれあい倉庫 当別赤れんが６号,ふれあいそうこ とうべつあかれんが６ごう,,北海道
層雲峡の熔結凝灰岩柱状節理,そううんきょうのようけつぎょうかいいわちゅうじょうせつり,,北海道
苔の洞門,こけのどうもん,https://upload.wikimedia.org/wikipedia/commons/a/a7/Map-shikotsu.png,北海道
チセ（伝承のコタン）,ちせ（でんしょうのこたん）,,北海道
ニセコ五色温泉郷,にせこごしきおんせんさと,https://upload.wikimedia.org/wikipedia/commons/d/dd/%E4%BA%94%E8%89%B2%EF%BC%88Goshiki%29_-_panoramio.jpg,北海道
鳴神の滝,なるかみのたき,https://upload.wikimedia.org/wikipedia/commons/6/6e/%E9%B3%B4%E7%A5%9E%E3%81%AE%E6%BB%9D_-_Narukami_Fall_-_panoramio.jpg,北海道
伏美仙境,ふくびせんきょう,"https://encrypted-tbn2.gstatic.com/faviconV2?url=https://pxhere.com&client=VFE&size=32&type=FAVICON&fallback_opts=TYPE,SIZE,URL&nfrp=2",北海道
札幌市時計台,さっぽろしとけいだい,https://live.staticflickr.com/65535/47984829902_de24312478_b.jpg,北海道
支笏湖温泉,しこつこおんせん,https://live.staticflickr.com/3016/13031717855_73144de0d6_b.jpg,北海道
江別河川防災ステーション,えべつかせんぼうさいすてーしょん,https://upload.wikimedia.org/wikipedia/commons/c/c0/Ebetsu_River_Disaster_Prevention_Station.jpg,北海道
石黒りんご園,いしぐろりんごその,https://shop.r10s.jp/book/cabinet/7710/9781799747710.jpg,北海道
雷電海岸,らいでんかいがん,"https://encrypted-tbn2.gstatic.com/faviconV2?url=https://zh.moegirl.org.cn&client=VFE&size=32&type=FAVICON&fallback_opts=TYPE,SIZE,URL&nfrp=2",北海道
古部の大滝,こべのおおたき,,北海道
永山屯田兵屋,ながやまとんでんへいや,,北海道
むらかみ牧場,むらかみぼくじょう,https://shop.r10s.jp/book/cabinet/7710/9781799747710.jpg,北海道
三洋食品(株)知内工場,さんようしょくひん(かぶ)しりうちこうじょう,,北海道
釜の仙境,かまのせんきょう,,北海道
登別温泉,のぼりべつおんせん,https://live.staticflickr.com/2243/1840318208_34ea6203cd_b.jpg,北海道
ペケレット沼,ぺけれっとぬま,,北海道
函館朝市,はこだてあさいち,https://live.staticflickr.com/5451/7391334998_02565648e4_b.jpg,北海道
ちろろルピガーデン,ちろろるぴがーでん,,北海道
横山家,よこやまいえ,https://www.city.adachi.tokyo.jp/images/48788/21.jpg,北海道
北大ポプラ並木,ほくだいぽぷらなみき,https://upload.wikimedia.org/wikipedia/commons/9/9a/A_row_of_poplar_trees_at_Hokkaido_University.jpg,北海道
火散布沼，藻散布沼,ひさんぷぬま，もさんぷぬま,,北海道
道の駅「みなとま～れ寿都」,みちのえき「みなとま～れすっつ」,,北海道
湯の川温泉,ゆのかわおんせん,"https://encrypted-tbn2.gstatic.com/faviconV2?url=https://commons.wikimedia.org&client=VFE&size=32&type=FAVICON&fallback_opts=TYPE,SIZE,URL&nfrp=2",北海道
羽衣の滝,はごろものたき,https://upload.wikimedia.org/wikipedia/commons/f/f3/Hagoromo_fall.JPG,北海道
北海道電力（株）森地熱発電所,ほっかいどうでんりょく（かぶ）もりちねっぱつでんところ,,北海道
フットパス　金比羅と西山コース,ふっとぱす　こんぴらとにしやまこーす,,北海道
福山渓谷,ふくやまけいこく,https://upload.wikimedia.org/wikipedia/commons/1/13/%E7%A5%9E%E8%B0%B7%E5%B7%9D%E6%B8%93%E8%B0%B7_-_panoramio.jpg,北海道
水辺の森の小径,すいへんのもりのこみち,,北海道
キリンビアパーク千歳,きりんびあぱーくちとせ,,北海道
北海道グリーンランド遊園地,ほっかいどうぐりーんらんどゆうえんち,https://live.staticflickr.com/4247/34538787384_41047b0f1c_b.jpg,北海道
旧室蘭駅舎（室蘭観光協会）,きゅうむろらんえきしゃ（むろらんかんこうきょうかい）,,北海道
支笏湖,しこつこ,https://live.staticflickr.com/541/18874182893_aec3812105_b.jpg,北海道
然別湖,しかりべつこ,"https://encrypted-tbn2.gstatic.com/faviconV2?url=https://commons.wikimedia.org&client=VFE&size=32&type=FAVICON&fallback_opts=TYPE,SIZE,URL&nfrp=2",北海道
道立自然公園野幌森林公園,どうりつしぜんこうえんのっぽろしんりんこうえん,https://upload.wikimedia.org/wikipedia/commons/3/30/Mizuhoike.JPG,北海道
大森農場カントリーガーデン,おおもりのうじょうかんとりーがーでん,,北海道
屈斜路湖,くっしゃろこ,"https://encrypted-tbn2.gstatic.com/faviconV2?url=https://commons.wikimedia.org&client=VFE&size=32&type=FAVICON&fallback_opts=TYPE,SIZE,URL&nfrp=2",北海道
摩周湖,ましゅうこ,https://upload.wikimedia.org/wikipedia/commons/8/8f/%28%E5%8C%97%E6%B5%B7%E9%81%93%29_%E6%91%A9%E5%91%A8%E6%B9%96%E3%81%A7%E3%81%99%E3%80%823%E3%81%A4%E3%81%82%E3%82%8B%E5%B1%95%E6%9C%9B%E5%8F%B0%E3%81%AE%E3%81%86%E3%81%A1%E3%80%81%E7%AC%AC%E4%B8%80%E5%B1%95%E6%9C%9B%E5%8F%B0%E3%81%8B%E3%82%89%E3%80%82%E7%A9%BA%E3%81%AE%E9%9D%92%E3%80%81%E6%B0%B4%E3%81%AE%E9%9D%92%E3%80%81%E3%81%9D%E3%81%97%E3%81%A6%E6%9C%A8%E3%80%85%E3%81%AE%E7%B7%91%E3%80%81%E3%81%84%E3%81%84%E3%82%B3%E3%83%B3%E3%83%88%E3%83%A9%E3%82%B9%E3%83%88%E3%80%82_-_panoramio.jpg,北海道
マッカウス洞窟,まっかうすどうくつ,"https://encrypted-tbn2.gstatic.com/faviconV2?url=https://commons.wikimedia.org&client=VFE&size=32&type=FAVICON&fallback_opts=TYPE,SIZE,URL&nfrp=2",北海道
鹿の子沢ハイキングコース,しかのこさわはいきんぐこーす,,北海道
藻琴湖,もことみずうみ,https://cdn.pixabay.com/photo/2013/01/05/19/05/winter-73998_1280.jpg,北海道
大野町 八郎沼 パークゴルフ場,おおのまち はちろうぬま ぱーくごるふば,,北海道
金森赤レンガ倉庫,かなもりあかれんがそうこ,https://live.staticflickr.com/65535/47078820364_eaabbb2df8_b.jpg,北海道
龍雲閣,りゅううんかく,https://upload.wikimedia.org/wikipedia/commons/9/90/%E5%87%8C%E9%9B%B2%E9%96%A3%E3%81%AE%E3%81%82%E3%81%A3%E3%81%9F%E5%A0%B4%E6%89%80%E3%81%AE%E5%9C%B0%E5%9B%B3.png,北海道
屈斜路湖のハクチョウ,くっしゃろこのはくちょう,https://upload.wikimedia.org/wikipedia/commons/6/6a/Lake_kussharo_sunayu_with_swan.jpg,北海道
大沼,おおぬま,https://www.photolibrary.jp/mhd3/img419/450-20151020224507107012.jpg,北海道
聖夜の滝,せいやのたき,https://dol.ismcdn.jp/mwimgs/c/c/-/img_cc518f7f9340106ff5386d0a51c6ba8d552607.jpg,北海道
千歳ワイナリー,ちとせわいなりー,,北海道
ボルタ工房,ぼるたこうぼう,https://uercorp.com/wp-content/uploads/2017/06/Renior-Hotel-490x314.jpg,北海道
朝里海水浴場,あささとかいすいよくじょう,,北海道
石狩海岸,いしかりかいがん,,北海道
毛陽コロシアム,もうようころしあむ,"https://encrypted-tbn2.gstatic.com/faviconV2?url=https://bonviure.com&client=VFE&size=32&type=FAVICON&fallback_opts=TYPE,SIZE,URL&nfrp=2",北海道
旧国鉄士幌線コンクリートアーチ橋梁群,きゅうこくてつしほろせんこんくりーとあーちきょうりょうぐん,,北海道
知床五湖,しれとこごこ,"https://encrypted-tbn2.gstatic.com/faviconV2?url=https://commons.wikimedia.org&client=VFE&size=32&type=FAVICON&fallback_opts=TYPE,SIZE,URL&nfrp=2",北海道
星野リゾート　トマム　スキーリゾート,ほしのりぞーと　とまむ　すきーりぞーと,https://cdn.pixabay.com/photo/2017/02/15/07/56/fantastic-2067836_1280.jpg,北海道
オリカゴルフ倶楽部,おりかごるふくらぶ,,北海道
羊蹄山の湧き水,ようていやまのわきみず,https://live.staticflickr.com/5561/15051018391_128ce9de1c_b.jpg,北海道
賀老の滝,がろうのたき,https://live.staticflickr.com/4080/4899173376_8c6960727f_b.jpg,北海道
道央自動車道有珠山サービスエリア展望台,どうおうじどうしゃどううすやまさーびすえりあてんぼうだい,https://upload.wikimedia.org/wikipedia/commons/d/d8/%E5%8C%97%E6%B5%B7%E9%81%93%E9%81%93675%E5%8F%B7%E7%AB%8B%E5%BE%85%E5%B2%AC%E5%87%BD%E9%A4%A8%E5%81%9C%E8%BB%8A%E5%A0%B4%E7%B7%9A%E3%83%BB%E5%87%BD%E9%A4%A8%E5%B1%B1%E5%B1%B1%E9%A0%82%E4%BB%98%E8%BF%91%EF%BC%88%E9%80%9A%E7%A7%B0%E3%80%81%E3%81%A4%E3%81%A4%E3%81%98%E5%B1%B1%E9%A7%90%E8%BB%8A%E5%A0%B4%EF%BC%89.jpg,北海道
北海道神宮,ほっかいどうじんぐう,https://upload.wikimedia.org/wikipedia/commons/9/98/%E5%8C%97%E6%B5%B7%E9%81%93%E7%A5%9E%E5%AE%AE_Hokkaido_Shrine_-_panoramio.jpg,北海道
ニセコアンヌプリ国際スキー場,にせこあんぬぷりこくさいすきーば,https://images.merumo.ne.jp/006/866/123/6866123_src_0.jpg,北海道
幽仙峡,ゆうせんきょう,,北海道
白絹の床,しらぎぬのとこ,https://upload.wikimedia.org/wikipedia/commons/4/47/Topaz%2C_by_Albert_Joseph_Moore.jpg,北海道
オケクラフトセンター 森林工芸館,おけくらふとせんたー しんりんこうげいかん,https://uercorp.com/wp-content/uploads/2017/06/Avaya_Stadium.jpg,北海道
層雲峡温泉,そううんきょうおんせん,"https://encrypted-tbn2.gstatic.com/faviconV2?url=https://commons.wikimedia.org&client=VFE&size=32&type=FAVICON&fallback_opts=TYPE,SIZE,URL&nfrp=2",北海道
モエレ沼公園,もえれぬまこうえん,"https://encrypted-tbn2.gstatic.com/faviconV2?url=https://commons.wikimedia.org&client=VFE&size=32&type=FAVICON&fallback_opts=TYPE,SIZE,URL&nfrp=2",北海道
岩間の滝,いわまのたき,https://upload.wikimedia.org/wikipedia/commons/a/a2/Tendaki_Revine_Iwamanotaki.JPG,北海道
横綱街道,よこづなかいどう,,北海道
層雲峡,そううんきょう,https://live.staticflickr.com/2830/9535279767_459ff0ba24_b.jpg,北海道
貞広農場,さだひろのうじょう,,北海道
昆布刈石展望台,こんぶかりいしてんぼうだい,,北海道
藻岩の滝,もいわのたき,,北海道
弘前城（本丸・北の郭）,ひろさきじょう（ほんまる・きたのかく）,https://live.staticflickr.com/65535/49712728651_d0bef1d155_b.jpg,青森県
恐山菩提寺,おそれざんぼだいてら,https://upload.wikimedia.org/wikipedia/commons/2/2f/%E6%81%90%E5%B1%B1%E8%8F%A9%E6%8F%90%E5%AF%BA%E5%9C%B0%E8%94%B5%E6%AE%BF.JPG,青森県
十和田湖,とわだこ,https://live.staticflickr.com/5658/30813843615_e851ca5fae_b.jpg,青森県
奥入瀬渓流,おいらせけいりゅう,"https://encrypted-tbn2.gstatic.com/faviconV2?url=https://commons.wikimedia.org&client=VFE&size=32&type=FAVICON&fallback_opts=TYPE,SIZE,URL&nfrp=2",青森県
酸ヶ湯温泉,さんゖゆおんいずみ,https://live.staticflickr.com/3836/15018192220_94c34f748e_b.jpg,青森県
青森銀行記念館,あおもりぎんこうきねんかん,https://upload.wikimedia.org/wikipedia/commons/7/75/Aomori_bank_memorial_build._%E9%9D%92%E6%A3%AE%E9%8A%80%E8%A1%8C%E8%A8%98%E5%BF%B5%E9%A4%A8_%282471726522%29.jpg,青森県
種差天然芝生地,たねさしてんねんしばきじ,,青森県
星野リゾート　青森屋　（古牧温泉）,ほしのりぞーと　あおもりや　（こまきおんせん）,,青森県
南部利康霊屋,なんぶとしやすおたまや,,青森県
最勝院五重塔,さいしょういんごじゅうとう,https://static.amanaimages.com/imgroom/cen3tzG4fTr7Gtw1PoeRer/01701/01701090519.jpg,青森県
中尊寺,ちゅうそんじ,https://upload.wikimedia.org/wikipedia/commons/2/2e/Konjikido-Ooido.jpg,岩手県
龍泉洞,りゅうせんほら,https://live.staticflickr.com/823/27188540157_6daae3bdd0_b.jpg,岩手県
賢治の学校（宮沢賢治童話村）,けんじのがっこう（みやざわけんじどうわむら）,,岩手県
八幡平,はちまんたい,"https://encrypted-tbn2.gstatic.com/faviconV2?url=https://pxhere.com&client=VFE&size=32&type=FAVICON&fallback_opts=TYPE,SIZE,URL&nfrp=2",岩手県
毛越寺庭園,もうつてらていえん,https://upload.wikimedia.org/wikipedia/commons/7/7e/%E6%AF%9B%E8%B6%8A%E5%AF%BA%E5%BA%AD%E5%9C%92%EF%BC%8F%E5%B9%B3%E6%B3%89_-_panoramio.jpg,岩手県
小袖海女センター,こそであませんたー,https://upload.wikimedia.org/wikipedia/commons/c/c7/%E7%94%9F%E3%82%A6%E3%83%8B%E4%B8%BC%EF%BC%88%E5%B0%8F%E8%A2%96%E6%B5%B7%E5%A5%B3%E3%82%BB%E3%83%B3%E3%82%BF%E3%83%BC%EF%BC%89.jpg,岩手県
小岩井農場まきば園,こいわいのうじょうまきばその,,岩手県
盛岡城跡公園(岩手公園),もりおかしろあとこうえん(いわてこうえん),https://live.staticflickr.com/4537/37595311165_5c9b9fa241_b.jpg,岩手県
石割桜,いしわりさくら,https://live.staticflickr.com/5303/5656690594_3026b2a59e_b.jpg,岩手県
安比高原牧場,あっぴこうげんぼくじょう,https://live.staticflickr.com/4073/4887912304_932b8ea611_b.jpg,岩手県
御釜,おかま,https://live.staticflickr.com/8630/15789841443_28d0c65007_b.jpg,宮城県
作並温泉,さくなみおんせん,https://upload.wikimedia.org/wikipedia/ja/4/4d/Gate_of_Ryugasaki_Station.JPG,宮城県
秋保温泉,あきゅうおんせん,https://live.staticflickr.com/636/33100102955_2ba381e35f_b.jpg,宮城県
遠刈田温泉,とうがったおんせん,https://upload.wikimedia.org/wikipedia/commons/5/55/%E7%A5%9E%E3%81%AE%E6%B9%AF.jpg,宮城県
松島島巡り観光船,まつしましまめぐりかんこうせん,https://live.staticflickr.com/8171/28798277130_5a4e413343_b.jpg,宮城県
船岡城址公園,ふなおかじょうしこうえん,https://live.staticflickr.com/5546/14166373542_8a6c811478_b.jpg,宮城県
栗駒山,くりこまやま,https://upload.wikimedia.org/wikipedia/commons/7/77/%E5%90%8D%E6%AE%8B%E3%83%B6%E5%8E%9F%E3%81%8B%E3%82%89%E3%81%AE%E9%A0%88%E5%B7%9D%E5%B2%B3%EF%BC%88%E6%A0%97%E9%A7%92%E5%B1%B1%EF%BC%89_Peak_Sukawa%28Mt._Kurikoma%29_from_Nagoriga-hara_marsh_-_panoramio.jpg,宮城県
青根温泉,あおねおんせん,https://upload.wikimedia.org/wikipedia/commons/6/6d/Daimonzaka8618.JPG,宮城県
仙台城跡,せんだいしろあと,https://live.staticflickr.com/4226/35003759785_c39beb86a6_b.jpg,宮城県
五大堂,ごだいどう,https://upload.wikimedia.org/wikipedia/ja/d/d5/Matsushima_Miyagi_Godaido_1.JPG,宮城県
なまはげ館,なまはげかん,https://upload.wikimedia.org/wikipedia/commons/c/c9/Entrance_of_Namahage_Museum%2C_Oga%2C_Akita.JPG,秋田県
男鹿真山伝承館,おがまやまでんしょうかん,https://live.staticflickr.com/3730/33107592061_1caa860cc4_b.jpg,秋田県
康楽館,こうらくかん,"https://encrypted-tbn2.gstatic.com/faviconV2?url=https://commons.wikimedia.org&client=VFE&size=32&type=FAVICON&fallback_opts=TYPE,SIZE,URL&nfrp=2",秋田県
男鹿水族館GAO,おがすいぞくかんGAO,"https://encrypted-tbn2.gstatic.com/faviconV2?url=https://commons.wikimedia.org&client=VFE&size=32&type=FAVICON&fallback_opts=TYPE,SIZE,URL&nfrp=2",秋田県
小坂鉱山事務所,こさかこうざんじむしょ,"https://encrypted-tbn2.gstatic.com/faviconV2?url=https://commons.wikimedia.org&client=VFE&size=32&type=FAVICON&fallback_opts=TYPE,SIZE,URL&nfrp=2",秋田県
元滝と伏流水,もとたきとふくりゅうみず,https://upload.wikimedia.org/wikipedia/commons/f/f8/%E5%85%83%E6%BB%9D%E4%BC%8F%E6%B5%81%E6%B0%B4%E3%81%A8%E6%9C%A8%E6%BC%8F%E3%82%8C%E6%97%A5_%28Mototaki_Fukuryu-sui_waterfalls%29_23_Aug%2C_2014_-_panoramio.jpg,秋田県
龍門寺（秋田県）,りゅうもんてら（あきたけん）,https://upload.wikimedia.org/wikipedia/commons/a/a8/Map_of_Gifu_Prefecture_Ja.svg,秋田県
白糸の滝（秋田県）,しろいとのたき（あきたけん）,,秋田県
七滝渓谷,しちたきけいこく,"https://encrypted-tbn2.gstatic.com/faviconV2?url=https://pxhere.com&client=VFE&size=32&type=FAVICON&fallback_opts=TYPE,SIZE,URL&nfrp=2",秋田県
七滝,しちたき,https://live.staticflickr.com/3198/2467115830_04a7f23e3b_b.jpg,秋田県
お釜（噴火口）,おかま（ふんかこう）,,山形県
鶴岡市立加茂水族館,つるおかしりつかもすいぞくかん,https://upload.wikimedia.org/wikipedia/commons/f/f6/Kamo_Aquarium_20160505.jpg,山形県
蔵王温泉,ざおうおんせん,https://upload.wikimedia.org/wikipedia/commons/e/ed/%E8%94%B5%E7%8E%8B%E6%B8%A9%E6%B3%89_-_panoramio_%281%29.jpg,山形県
赤湯温泉,あかゆおんせん,https://upload.wikimedia.org/wikipedia/commons/d/d2/%E7%83%8F%E5%B8%BD%E5%AD%90%E5%B1%B1%E5%85%AC%E5%9C%92%E3%81%AE%E6%A1%9C%E3%81%A8%E8%B5%A4%E6%B9%AF%E6%B8%A9%E6%B3%89%E8%A1%97_Cherry_Flower_%5E_Akayu_Hot_Spring_Town_-_panoramio.jpg,山形県
瀬見温泉,せけんおんせん,https://upload.wikimedia.org/wikipedia/commons/9/92/Semi-Onsen_street_in_Mogami%2C_Yamagata.JPG,山形県
銀山温泉,ぎんざんおんせん,https://live.staticflickr.com/6060/5880661795_f757980c42_b.jpg,山形県
赤倉温泉,あかくらおんせん,https://upload.wikimedia.org/wikipedia/commons/a/a2/%E8%B5%A4%E5%80%89%E6%B8%A9%E6%B3%89%E8%A1%97_-_panoramio.jpg,山形県
本間家旧本邸,ほんまいえきゅうほんてい,https://upload.wikimedia.org/wikipedia/commons/7/70/Former_the_Honma_residence_001.jpg,山形県
かみのやま温泉,かみのやまおんせん,https://live.staticflickr.com/4079/4896618297_d07f038558_b.jpg,山形県
あつみ温泉,あつみおんせん,https://upload.wikimedia.org/wikipedia/commons/2/2e/Atsumi-spa-atsumi_river.JPG,山形県
鶴ヶ城（若松城）,つるゖしろ（わかまつしろ）,https://live.staticflickr.com/7001/26759038331_af16500f0a_b.jpg,福島県
猪苗代湖,いなわしろこ,https://live.staticflickr.com/312/18789389969_5402392132_b.jpg,福島県
安達太良山,あだたらやま,https://upload.wikimedia.org/wikipedia/commons/c/c2/20091011%E5%AE%89%E9%81%94%E5%A4%AA%E8%89%AF%E5%B1%B1%E7%A9%BA%E6%92%AE.jpg,福島県
大内宿,おおうちやど,https://live.staticflickr.com/2615/3913497765_4293524587_b.jpg,福島県
飯盛山,いいもりやま,https://upload.wikimedia.org/wikipedia/commons/6/64/%E9%A3%AF%E7%9B%9B%E5%B1%B1%E5%9F%8E%E5%9D%80_01.JPG,福島県
塔のへつり,とうのへつり,"https://encrypted-tbn2.gstatic.com/faviconV2?url=https://commons.wikimedia.org&client=VFE&size=32&type=FAVICON&fallback_opts=TYPE,SIZE,URL&nfrp=2",福島県
あぶくま洞,あぶくまほら,https://live.staticflickr.com/8166/7566839800_c44680a1e6_b.jpg,福島県
飯坂温泉,いいざかおんせん,"https://encrypted-tbn2.gstatic.com/faviconV2?url=https://commons.wikimedia.org&client=VFE&size=32&type=FAVICON&fallback_opts=TYPE,SIZE,URL&nfrp=2",福島県
さざえ堂,さざえどう,https://live.staticflickr.com/952/28031962528_66682da2da_b.jpg,福島県
岳温泉,がくおんせん,https://upload.wikimedia.org/wikipedia/commons/9/96/%E5%B2%B3%E6%B8%A9%E6%B3%89_-_panoramio.jpg,福島県
偕楽園,かいらくえん,https://live.staticflickr.com/5166/13489301314_2e9c42fc81_b.jpg,茨城県
筑波山,つくばさん,https://upload.wikimedia.org/wikipedia/commons/2/26/%28%E8%8C%A8%E5%9F%8E%E7%9C%8C%29_%E7%AD%91%E6%B3%A2%E5%B1%B1%E3%81%AE%E3%81%B5%E3%82%82%E3%81%A8%E3%81%8B%E3%82%89%E3%80%81%E9%9C%9E%E3%83%B6%E6%B5%A6%E6%96%B9%E9%9D%A2%E3%82%92%E7%9C%BA%E3%82%81%E3%82%8B%E3%80%82%E3%81%93%E3%81%AE%E3%81%82%E3%81%9F%E3%82%8A%E3%81%AF%E3%81%9A%E3%81%A3%E3%81%A8%E5%B9%B3%E5%9C%B0%E3%81%8C%E7%B6%9A%E3%81%8D%E3%80%81%E5%B1%B1%E3%81%8C%E3%81%AA%E3%81%84%E3%81%AE%E3%81%A7%E3%80%81%E3%81%95%E3%81%BB%E3%81%A9%E9%AB%98%E3%81%8F%E3%81%AA%E3%81%84%E7%AD%91_-_panoramio.jpg,茨城県
牛久大仏,うしくだいぶつ,https://live.staticflickr.com/4619/25787261388_4b8a0edd69_b.jpg,茨城県
竜神大吊橋,りゅうじんだいつりばし,https://live.staticflickr.com/2521/3837549827_ef933ac070_b.jpg,茨城県
霞ヶ浦,かすみゖうら,https://upload.wikimedia.org/wikipedia/commons/d/db/20081229%E9%9C%9E%E3%83%B6%E6%B5%A6%E5%8C%97%E6%B5%A6.jpg,茨城県
男体山,なんたいやま,"https://encrypted-tbn2.gstatic.com/faviconV2?url=https://commons.wikimedia.org&client=VFE&size=32&type=FAVICON&fallback_opts=TYPE,SIZE,URL&nfrp=2",茨城県
霞ヶ浦湖上めぐり遊覧船,かすみゖうらこじょうめぐりゆうらんせん,,茨城県
奥日立きららの里,おくひたちきららのさと,,茨城県
シャトーカミヤ,しゃとーかみや,https://upload.wikimedia.org/wikipedia/commons/0/05/Chateau_Kamiya_2010.jpg,茨城県
大宝八幡宮,たいほうはちまんぐう,https://upload.wikimedia.org/wikipedia/commons/8/87/Daiho_Hachiman-gu_Honden.jpg,茨城県
日光東照宮,にっこうとうしょうぐう,https://upload.wikimedia.org/wikipedia/commons/3/35/%E6%97%A5%E5%85%89%E6%9D%B1%E7%85%A7%E5%AE%AE_%E6%97%A5%E5%85%89%E6%9D%B1%E7%85%A7%E5%AE%AE%E4%BA%94%E9%87%8D%E5%A1%94.jpg,栃木県
湯西川温泉,ゆにしかわおんせん,https://live.staticflickr.com/1600/24738211299_f671c57de8_b.jpg,栃木県
加仁湯（奥鬼怒）温泉,かひとしゆ（おくきど）おんせん,,栃木県
東武ワールドスクウェア,とうぶわーるどすくうぇあ,https://live.staticflickr.com/6188/6109905363_6097d8f5a6_b.jpg,栃木県
戦場ヶ原,せんじょうゖはら,https://live.staticflickr.com/1767/41616314590_9bc236befa_b.jpg,栃木県
板室温泉,いたしつおんいずみ,https://live.staticflickr.com/5332/9297790339_95dde853e0_b.jpg,栃木県
大谷石採石場跡・大谷資料館,おおたにいしさいせきじょうあと・おおたにしりょうかん,"https://encrypted-tbn2.gstatic.com/faviconV2?url=https://commons.wikimedia.org&client=VFE&size=32&type=FAVICON&fallback_opts=TYPE,SIZE,URL&nfrp=2",栃木県
那須温泉,なすおんせん,https://live.staticflickr.com/3916/14721303633_8f995e22a8_b.jpg,栃木県
塩原温泉,しおばらおんせん,https://upload.wikimedia.org/wikipedia/commons/9/9d/Motoyu_Onsen_04_fx.jpg,栃木県
益子陶芸美術館,ましことうげいびじゅつかん,,栃木県
ロックハート城ウイリアムズガーデン,ろっくはーとしろういりあむずがーでん,"https://encrypted-tbn2.gstatic.com/faviconV2?url=https://gruposanvicentegalapagos.com&client=VFE&size=32&type=FAVICON&fallback_opts=TYPE,SIZE,URL&nfrp=2",群馬県
ロックハート城,ろっくはーとしろ,https://upload.wikimedia.org/wikipedia/commons/f/fd/Marble_Village_Lockheart_Castle%2C_Lockheart_Castle_front_exterior.jpg,群馬県
尾瀬ヶ原,おぜゖはら,https://live.staticflickr.com/7100/7294620908_d5f5eff645_b.jpg,群馬県
富岡製糸場,とみおかせいしば,https://upload.wikimedia.org/wikipedia/commons/c/cd/%E4%B8%96%E7%95%8C%E9%81%BA%E7%94%A3_%E6%97%A7%E5%AF%8C%E5%B2%A1%E8%A3%BD%E7%B3%B8%E5%A0%B4_-_panoramio.jpg,群馬県
伊香保温泉の石段街,いかほおんせんのいしだんまち,https://upload.wikimedia.org/wikipedia/commons/2/23/%E4%BC%8A%E9%A6%99%E4%BF%9D%E6%B8%A9%E6%B3%89_%E7%9F%B3%E6%AE%B5%E8%A1%97_-_panoramio.jpg,群馬県
草津温泉,くさつおんせん,https://live.staticflickr.com/4442/37342167322_f890e26cf4_b.jpg,群馬県
湯畑,ゆばたけ,"https://encrypted-tbn2.gstatic.com/faviconV2?url=https://commons.wikimedia.org&client=VFE&size=32&type=FAVICON&fallback_opts=TYPE,SIZE,URL&nfrp=2",群馬県
四万温泉,しまおんせん,"https://encrypted-tbn2.gstatic.com/faviconV2?url=https://commons.wikimedia.org&client=VFE&size=32&type=FAVICON&fallback_opts=TYPE,SIZE,URL&nfrp=2",群馬県
榛名山,はるなやま,"https://encrypted-tbn2.gstatic.com/faviconV2?url=https://commons.wikimedia.org&client=VFE&size=32&type=FAVICON&fallback_opts=TYPE,SIZE,URL&nfrp=2",群馬県
妙義山,みょうぎやま,"https://encrypted-tbn2.gstatic.com/faviconV2?url=https://commons.wikimedia.org&client=VFE&size=32&type=FAVICON&fallback_opts=TYPE,SIZE,URL&nfrp=2",群馬県
時の鐘,ときのかね,https://static.amanaimages.com/imgroom/rf_preview640/10696/10696002235.jpg,埼玉県
武蔵一宮氷川神社,むさしいちのみやひかわじんじゃ,https://upload.wikimedia.org/wikipedia/commons/6/6a/Front_shrine_of_the_Hikawa_shrine.jpg,埼玉県
鉄道博物館,てつどうはくぶつかん,https://live.staticflickr.com/1639/26711008325_58154cb78d_b.jpg,埼玉県
浦山ダム,うらやまだむ,https://upload.wikimedia.org/wikipedia/commons/c/c5/Urayama_Dam.jpg,埼玉県
三十槌の氷柱,さんじゅうつちのひょうちゅう,https://live.staticflickr.com/8107/8460470129_9ae6234799_b.jpg,埼玉県
星渓園,ほしけいその,https://live.staticflickr.com/8249/8632844741_2f47165a4e_b.jpg,埼玉県
武蔵丘陵森林公園内花木園,むさしがおかりょうしんりんこうえんないかぼくその,,埼玉県
三峰山,みぶやま,"https://encrypted-tbn2.gstatic.com/faviconV2?url=https://commons.wikimedia.org&client=VFE&size=32&type=FAVICON&fallback_opts=TYPE,SIZE,URL&nfrp=2",埼玉県
埼玉県立 川の博物館 ウォーターミル ,さいたまけんりつ かわのはくぶつかん うぉーたーみる ,,埼玉県
川本サングリーンパーク,かわもとさんぐりーんぱーく,https://encrypted-tbn0.gstatic.com/images?q=tbn:ANd9GcSZWgrIyie8Jc4bDSNeErqpVfeHew7mESmIIKnOiCy7koJ7EkEfUvl2vK3C2f2wPPBU2Do&usqp=CAU,埼玉県
マザー牧場,まざーぼくじょう,https://live.staticflickr.com/7764/17748609856_8daa14f7e7_b.jpg,千葉県
町並み散策と佐原グルメ,まちなみさんさくとさわらぐるめ,,千葉県
犬吠埼マリンパーク,いぬぼうざきまりんぱーく,"https://encrypted-tbn2.gstatic.com/faviconV2?url=https://commons.wikimedia.org&client=VFE&size=32&type=FAVICON&fallback_opts=TYPE,SIZE,URL&nfrp=2",千葉県
鋸山ロープウェー,のこぎりやまろーぷうぇー,https://live.staticflickr.com/410/18963236919_43acc329ab_b.jpg,千葉県
日本百名城　佐倉城　（佐倉城址公園）,にっぽんひゃくめいじょう　さくらしろ　（さくらじょうしこうえん）,"https://encrypted-tbn2.gstatic.com/faviconV2?url=https://ja.wikipedia.org&client=VFE&size=32&type=FAVICON&fallback_opts=TYPE,SIZE,URL&nfrp=2",千葉県
地球の丸く見える丘展望館,ちきゅうのまるくみえるおかてんぼうかん,https://live.staticflickr.com/8046/8369619637_0bb999c3a8_b.jpg,千葉県
道の駅鴨川オーシャンパーク,みちのえきかもがわおーしゃんぱーく,https://upload.wikimedia.org/wikipedia/commons/a/ac/Michinoeki_rosemary_park_maruyama_town.jpg,千葉県
鋸山ハイキングコース,のこぎりやまはいきんぐこーす,https://live.staticflickr.com/259/19145420262_110e1c1f78_b.jpg,千葉県
白浜フラワーパーク,しらはまふらわーぱーく,https://upload.wikimedia.org/wikipedia/commons/5/58/%E7%99%BD%E6%B5%9C%E3%83%95%E3%83%A9%E3%83%AF%E3%83%BC%E3%83%91%E3%83%BC%E3%82%AF%E5%81%B4%E9%81%93_-_panoramio.jpg,千葉県
安房神社,あわじんじゃ,https://upload.wikimedia.org/wikipedia/commons/f/f4/Awa-jinja%2C_haiden2.jpg,千葉県
上野動物園,うえのどうぶつえん,https://live.staticflickr.com/7343/12087527716_44024c6b89_b.jpg,東京都
表参道,おもてさんどう,https://upload.wikimedia.org/wikipedia/commons/6/62/%28%E6%9D%B1%E4%BA%AC%E9%83%BD%29_%E8%A1%A8%E5%8F%82%E9%81%93%E3%81%AE%E5%A4%9C%E6%99%AF%E3%81%A7%E3%81%99%E3%80%82%E6%98%A8%E5%B9%B4%E3%81%A8%E9%81%95%E3%81%A3%E3%81%A6%E3%80%81%E9%95%B7%E3%81%84%E8%B7%9D%E9%9B%A2%E3%82%92%E9%9B%BB%E9%A3%BE%E3%81%A7%E5%BD%A9%E3%81%A3%E3%81%A6%E3%81%84%E3%81%BE%E3%81%99%E3%80%82_-_panoramio.jpg,東京都
東京タワー,とうきょうたわー,https://live.staticflickr.com/5769/23742589292_2b6ebe233e_b.jpg,東京都
築地場外市場,つきじじょうがいしじょう,https://live.staticflickr.com/65535/48556759936_249d89511f_b.jpg,東京都
原宿竹下通り,はらじゅくたけしたどおり,https://live.staticflickr.com/65535/33899715768_cc99ef7a55_b.jpg,東京都
ハチ公の銅像,はちこうのどうぞう,https://live.staticflickr.com/8177/7929726254_98a97983c2_b.jpg,東京都
上野アメ横商店街,うえのあめよこしょうてんがい,https://live.staticflickr.com/2890/32155795543_a50b5eaa1e_b.jpg,東京都
サンシャイン水族館,さんしゃいんすいぞくかん,https://live.staticflickr.com/6030/6208129464_c71363c91b_b.jpg,東京都
東京都庁舎,とうきょうとちょうしゃ,https://upload.wikimedia.org/wikipedia/commons/2/25/%E6%9D%B1%E4%BA%AC%E9%83%BD%E5%BA%81%E8%88%8E.jpg,東京都
江島神社,えじまじんじゃ,https://upload.wikimedia.org/wikipedia/commons/4/42/Enoshimajinja_-05.jpg,神奈川県
横浜マリンタワー,よこはままりんたわー,https://upload.wikimedia.org/wikipedia/commons/6/65/Yokohama_Marine_Tower_2013.JPG,神奈川県
箱根小涌園ユネッサン,はこねこわきそのゆねっさん,https://live.staticflickr.com/606/20507812769_ff7d6b025c_b.jpg,神奈川県
江ノ電,こうのでん,https://live.staticflickr.com/2235/2192370216_8aab9d91fd_b.jpg,神奈川県
箱根ロープウェイ,はこねろーぷうぇい,https://live.staticflickr.com/6195/6058675413_ed5a4c093b_b.jpg,神奈川県
彫刻の森美術館,ちょうこくのもりびじゅつかん,https://live.staticflickr.com/8382/8464082663_34f6c427d2_b.jpg,神奈川県
芦ノ湖,あしのみずうみ,https://cdn.pixabay.com/photo/2016/02/27/17/57/lake-ashi-1225978_1280.jpg,神奈川県
川崎市 藤子・Ｆ・不二雄ミュージアム,かわさきし ふじこ・Ｆ・ふじおみゅーじあむ,https://upload.wikimedia.org/wikipedia/commons/5/5d/Fujiko%EF%BD%A5F%EF%BD%A5Fujio_Museum_-01.jpg,神奈川県
箱根海賊船（箱根観光船）,はこねかいぞくせん（はこねかんこうせん）,https://upload.wikimedia.org/wikipedia/commons/1/14/%E7%AE%B1%E6%A0%B9%E3%82%B4%E3%83%BC%E3%83%AB%E3%83%87%E3%83%B3%E3%82%B3%E3%83%BC%E3%82%B9.jpg,神奈川県
円覚寺舎利殿,えんがくじしゃりどの,https://upload.wikimedia.org/wikipedia/commons/3/3c/%E5%86%86%E8%A6%9A%E5%AF%BA%E8%88%8E%E5%88%A9%E6%AE%BF%E9%96%802.JPG,神奈川県
月岡温泉,つきおかおんせん,https://live.staticflickr.com/5476/9466238790_ef703b3da2_b.jpg,新潟県
大野亀,おおのかめ,https://upload.wikimedia.org/wikipedia/commons/a/a3/%E5%A4%A7%E9%87%8E%E4%BA%80%E7%9C%8B%E6%9D%BF_Oonogame_sign_-_panoramio.jpg,新潟県
トキの森公園,ときのもりこうえん,https://live.staticflickr.com/3755/14117386007_7c19c9eca8_b.jpg,新潟県
佐渡金山,さどかなやま,https://upload.wikimedia.org/wikipedia/commons/8/87/Sadokinzan-doyunowareto_01.JPG,新潟県
鷹の巣温泉,たかのすおんせん,https://upload.wikimedia.org/wikipedia/commons/8/87/Arakawa_River_Niigata_Japan.jpg,新潟県
にぎわい市場 ピアBandai,にぎわいしじょう ぴあBandai,https://t.pimg.jp/042/968/582/1/42968582.jpg,新潟県
新発田城,しばたしろ,https://live.staticflickr.com/7415/14074844514_17e4baa8d2_b.jpg,新潟県
国営越後丘陵公園,こくえいえちごきゅうりょうこうえん,https://upload.wikimedia.org/wikipedia/commons/3/39/Echigo_Hillside_Park_08.jpg,新潟県
無印良品津南キャンプ場,むじるしりょうひんつなんきゃんぷば,,新潟県
新潟ふるさと村,にいがたふるさとむら,https://upload.wikimedia.org/wikipedia/commons/9/97/Michinoeki_Niigata_Furusatomura_002.JPG,新潟県
黒部ダム,くろべだむ,https://upload.wikimedia.org/wikipedia/commons/7/78/Kurobe_Dam_survey_2.jpg,富山県
みくりが池,みくりがいけ,https://live.staticflickr.com/730/22247299855_738b37e66e_b.jpg,富山県
国宝瑞龍寺,こくほうずいりゅうてら,"https://encrypted-tbn2.gstatic.com/faviconV2?url=https://commons.wikimedia.org&client=VFE&size=32&type=FAVICON&fallback_opts=TYPE,SIZE,URL&nfrp=2",富山県
雄山神社（芦峅中宮）,おやまじんじゃ（あしくらちゅうぐう）,https://upload.wikimedia.org/wikipedia/commons/a/a9/Chuuguu-kiganden_Haiden.JPG,富山県
海王丸パーク,かいおうまるぱーく,https://upload.wikimedia.org/wikipedia/commons/d/df/Kaiomaru_Park_%E6%B5%B7%E7%8E%8B%E4%B8%B8%E3%83%91%E3%83%BC%E3%82%AF9_-_panoramio.jpg,富山県
高岡古城公園,たかおかこじょうこうえん,https://live.staticflickr.com/3912/14886681469_b7ba3e99bd_b.jpg,富山県
砺波チューリップ公園,となみちゅーりっぷこうえん,https://upload.wikimedia.org/wikipedia/commons/e/e1/%E7%A0%BA%E6%B3%A2%E3%83%81%E3%83%A5%E3%83%BC%E3%83%AA%E3%83%83%E3%83%97%E5%85%AC%E5%9C%92%E3%81%AE%E3%83%81%E3%83%A5%E3%83%BC%E3%83%AA%E3%83%83%E3%83%97%E3%82%BF%E3%83%AF%E3%83%BC%EF%BC%882021%E5%B9%B45%E6%9C%883%E6%97%A5%EF%BC%89.jpg,富山県
ヒスイ海岸（宮崎・境海岸）,ひすいかいがん（みやざき・さかいかいがん）,,富山県
立山カルデラ砂防博物館,たてやまかるでらさぼうはくぶつかん,"https://encrypted-tbn2.gstatic.com/faviconV2?url=https://commons.wikimedia.org&client=VFE&size=32&type=FAVICON&fallback_opts=TYPE,SIZE,URL&nfrp=2",富山県
雪の大谷,ゆきのおおたに,https://upload.wikimedia.org/wikipedia/commons/2/2a/%E5%9B%BD%E7%AB%8B%E5%85%AC%E5%9C%92%E7%AB%8B%E5%B1%B1_%E9%9B%AA%E3%81%AE%E5%A4%A7%E8%B0%B7.jpg,富山県
兼六園,けんろくえん,https://upload.wikimedia.org/wikipedia/commons/1/1a/20090911%E5%85%BC%E5%85%AD%E5%9C%92.jpg,石川県
ひがし茶屋街,ひがしちゃやまち,https://live.staticflickr.com/610/21954027609_41e05a3f12_b.jpg,石川県
にし茶屋街,にしちゃやまち,https://upload.wikimedia.org/wikipedia/commons/8/83/Nishichayagai003.jpg,石川県
長町武家屋敷跡土塀,ながまちぶけやねあとどべい,https://upload.wikimedia.org/wikipedia/commons/e/e2/%E9%95%B7%E7%94%BA%E6%AD%A6%E5%AE%B6%E5%B1%8B%E6%95%B7%E8%B7%A1_-_%E8%96%A6%E6%8E%9B%E3%81%91.jpg,石川県
国指定史跡　九谷焼窯跡展示館,くにしていしせき　くたにやきかまあとてんじかん,"https://encrypted-tbn2.gstatic.com/faviconV2?url=https://commons.wikimedia.org&client=VFE&size=32&type=FAVICON&fallback_opts=TYPE,SIZE,URL&nfrp=2",石川県
鶴仙渓遊歩道,つるせんけいゆうほどう,,石川県
能登島大橋,のとしまおおはし,https://upload.wikimedia.org/wikipedia/commons/d/df/%E5%A4%95%E6%9A%AE%E3%82%8C%E3%81%AE%E8%83%BD%E7%99%BB%E5%B3%B6%E5%A4%A7%E6%A9%8B%28Notojima_Bridge%29_-_panoramio.jpg,石川県
金沢駅,かなざわえき,https://upload.wikimedia.org/wikipedia/commons/a/a4/Motenashi_Dome%2C_Kanazawa_Station.JPG,石川県
須須神社,すずじんじゃ,"https://encrypted-tbn2.gstatic.com/faviconV2?url=https://commons.wikimedia.org&client=VFE&size=32&type=FAVICON&fallback_opts=TYPE,SIZE,URL&nfrp=2",石川県
和倉温泉,わくらおんせん,https://upload.wikimedia.org/wikipedia/commons/a/a1/Wakura_Onsen_01.jpg,石川県
大本山永平寺,おおもとやまえいたいらてら,https://live.staticflickr.com/65535/50157093792_9714879ea3_b.jpg,福井県
東尋坊,とうじんぼう,https://live.staticflickr.com/65535/49356109851_291f89066a_b.jpg,福井県
一乗谷朝倉氏遺跡,いちじょうたにあさくらしいせき,https://live.staticflickr.com/1657/24534953889_a22f6dfc60_b.jpg,福井県
蘇洞門,そとも,https://upload.wikimedia.org/wikipedia/commons/7/7a/Obama_Sotomo06n4592.jpg,福井県
氣比神宮,けひじんぐう,"https://encrypted-tbn2.gstatic.com/faviconV2?url=https://commons.wikimedia.org&client=VFE&size=32&type=FAVICON&fallback_opts=TYPE,SIZE,URL&nfrp=2",福井県
三方五湖有料道路レインボーライン,みかたごみずうみゆうりょうどうろれいんぼーらいん,,福井県
越前大野城,えちぜんおおのじょう,https://upload.wikimedia.org/wikipedia/commons/e/ef/%E8%B6%8A%E5%89%8D%E5%A4%A7%E9%87%8E%E5%9F%8E12_-_panoramio.jpg,福井県
三方湖,みかたみずうみ,https://upload.wikimedia.org/wikipedia/commons/9/9f/Mikata_five_lakes_20110505_-_panoramio.jpg,福井県
小浜城址,おばまじょうし,"https://encrypted-tbn2.gstatic.com/faviconV2?url=https://commons.wikimedia.org&client=VFE&size=32&type=FAVICON&fallback_opts=TYPE,SIZE,URL&nfrp=2",福井県
あわら温泉,あわらおんせん,https://upload.wikimedia.org/wikipedia/commons/4/4d/Awara-Onsen_Station_2020.jpg,福井県
忍野八海,おしのはっかい,"https://encrypted-tbn2.gstatic.com/faviconV2?url=https://commons.wikimedia.org&client=VFE&size=32&type=FAVICON&fallback_opts=TYPE,SIZE,URL&nfrp=2",山梨県
富士山,ふじさん,https://live.staticflickr.com/3103/3122960289_c10205b9b0_b.jpg,山梨県
山中湖花の都公園,やまなかこはなのみやここうえん,https://live.staticflickr.com/7803/32233620817_9bcebef399_b.jpg,山梨県
石和温泉郷,いしわおんせんさと,https://upload.wikimedia.org/wikipedia/commons/9/9f/Isawa_Spa_Town_Aug.2013.JPG,山梨県
身延山久遠寺,みのぶさんくどうてら,https://upload.wikimedia.org/wikipedia/commons/5/5f/%E8%BA%AB%E5%BB%B6%E5%B1%B1%E4%B9%85%E9%81%A0%E5%AF%BA_-_panoramio.jpg,山梨県
鳴沢氷穴,なるさわひょうけつ,https://live.staticflickr.com/4157/34061134590_21a837702e_b.jpg,山梨県
武田神社,たけだじんじゃ,https://upload.wikimedia.org/wikipedia/commons/a/ad/Takeda-jinja-1.jpg,山梨県
山中湖,やまなかこ,https://live.staticflickr.com/8824/17164961815_1e6bc1a66b_b.jpg,山梨県
恵林寺庭園,えりんてらていえん,"https://encrypted-tbn2.gstatic.com/faviconV2?url=https://commons.wikimedia.org&client=VFE&size=32&type=FAVICON&fallback_opts=TYPE,SIZE,URL&nfrp=2",山梨県
西湖蝙蝠穴,さいここうもりあな,https://upload.wikimedia.org/wikipedia/commons/2/2c/Lake_Saiko_Bat_Cave_Corded_Lava.JPG,山梨県
国宝松本城,こくほうまつもとしろ,"https://encrypted-tbn2.gstatic.com/faviconV2?url=https://commons.wikimedia.org&client=VFE&size=32&type=FAVICON&fallback_opts=TYPE,SIZE,URL&nfrp=2",長野県
善光寺本堂,ぜんこうじほんどう,https://live.staticflickr.com/7543/15240070133_634af3b695_b.jpg,長野県
立山黒部アルペンルート,たてやまくろべあるぺんるーと,"https://encrypted-tbn2.gstatic.com/faviconV2?url=https://commons.wikimedia.org&client=VFE&size=32&type=FAVICON&fallback_opts=TYPE,SIZE,URL&nfrp=2",長野県
諏訪大社・下社春宮,すわたいしゃ・しもしゃとうぐう,https://upload.wikimedia.org/wikipedia/commons/6/63/%E8%AB%8F%E8%A8%AA%E5%A4%A7%E7%A4%BE%E4%B8%8B%E7%A4%BE%E6%98%A5%E5%AE%AE_-_panoramio.jpg,長野県
戸隠神社奥社,とがくしじんじゃおくしゃ,"https://encrypted-tbn2.gstatic.com/faviconV2?url=https://commons.wikimedia.org&client=VFE&size=32&type=FAVICON&fallback_opts=TYPE,SIZE,URL&nfrp=2",長野県
野沢温泉,のざわおんせん,https://live.staticflickr.com/166/348565268_5b36f9911e_b.jpg,長野県
別所温泉,べっしょおんせん,https://live.staticflickr.com/5476/12458720163_7c03c56870_b.jpg,長野県
妻籠宿,つまごやど,https://live.staticflickr.com/1712/25006281074_9dc5f3707b_b.jpg,長野県
天竜川天竜舟下り,てんりゅうがわてんりゅうふねくだり,,長野県
美ヶ原高原美術館,うつくしがはらこうげんびじゅつかん,https://live.staticflickr.com/8672/16671286640_267dc5e6f8_b.jpg,長野県
馬籠宿,まごめやど,https://upload.wikimedia.org/wikipedia/commons/0/0a/Magome-juku%28post_town%29_%2C_%E9%A6%AC%E7%B1%A0%E5%AE%BF_-_panoramio_%286%29.jpg,岐阜県
岐阜城,ぎふしろ,https://upload.wikimedia.org/wikipedia/commons/0/01/Gifu_Castle.jpg,岐阜県
中津川宿,なかつがわやど,https://live.staticflickr.com/65535/50617413212_2d7df21638_b.jpg,岐阜県
うだつの上がる町並み,うだつのあがるまちなみ,https://upload.wikimedia.org/wikipedia/commons/d/dd/%E3%81%86%E3%81%A0%E3%81%A4%E3%81%AE%E4%B8%8A%E3%81%8C%E3%82%8B%E7%94%BA%E4%B8%A6%E3%81%BF_%28%E5%B2%90%E9%98%9C%E7%9C%8C%E7%BE%8E%E6%BF%83%E5%B8%82%29-%E7%94%BA%E4%B8%A6%E3%81%BFmino_udatsu024.jpg,岐阜県
金華山ロープウェー,きんかさんろーぷうぇー,https://upload.wikimedia.org/wikipedia/commons/2/2f/Kinkazan_Ropeway_%2C_%E9%87%91%E8%8F%AF%E5%B1%B1%E3%83%AD%E3%83%BC%E3%83%97%E3%82%A6%E3%82%A7%E3%83%BC_-_panoramio.jpg,岐阜県
大垣城,おおがきしろ,https://live.staticflickr.com/7193/6826365672_4898ae18ef_b.jpg,岐阜県
関ヶ原古戦場,かんゖはらこせんじょう,https://upload.wikimedia.org/wikipedia/commons/b/b3/%E9%96%A2%E3%83%B6%E5%8E%9F%E5%8F%A4%E6%88%A6%E5%A0%B4%E8%A8%98%E5%BF%B5%E9%A4%A8.jpg,岐阜県
下呂温泉,げろおんせん,https://upload.wikimedia.org/wikipedia/commons/1/12/Gero-Onsen001.JPG,岐阜県
高山陣屋,こうざんじんや,https://live.staticflickr.com/7525/15670343197_a767dd26ff_b.jpg,岐阜県
ひるがの高原コキアパーク,ひるがのこうげんこきあぱーく,,岐阜県
熱海温泉,あたみおんせん,"https://encrypted-tbn2.gstatic.com/faviconV2?url=https://commons.wikimedia.org&client=VFE&size=32&type=FAVICON&fallback_opts=TYPE,SIZE,URL&nfrp=2",静岡県
堂ヶ島温泉,どうゖしまおんせん,"https://encrypted-tbn2.gstatic.com/faviconV2?url=https://sunrise.maplogs.com&client=VFE&size=32&type=FAVICON&fallback_opts=TYPE,SIZE,URL&nfrp=2",静岡県
土肥温泉,といおんせん,https://live.staticflickr.com/4866/45612696045_8ec8ec7472_b.jpg,静岡県
堂ヶ島,どうゖしま,https://upload.wikimedia.org/wikipedia/commons/1/1d/%E8%A5%BF%E4%BC%8A%E8%B1%86%E5%A0%82%E3%83%B6%E5%B3%B6_-_panoramio.jpg,静岡県
石廊崎,いろうさき,https://upload.wikimedia.org/wikipedia/commons/7/7e/%28%E9%9D%99%E5%B2%A1%E7%9C%8C%29_%E4%BC%8A%E8%B1%86-%E4%BC%8A%E8%B1%86%E5%8D%8A%E5%B3%B6%E3%81%AE%E5%8D%97%E7%AB%AF%E3%80%81%E7%9F%B3%E5%BB%8A%E5%B4%8E%E3%82%92%E5%B0%91%E3%81%97%E9%81%8E%E3%81%8E%E3%81%9F%E3%81%A8%E3%81%93%E3%81%AB%E3%81%82%E3%82%8B%E5%A5%A5%E7%9F%B3%E5%BB%8A%E3%81%AE%E5%B1%95%E6%9C%9B%E5%8F%B0%E3%82%88%E3%82%8A%E3%80%82%E5%A4%A9%E6%B0%97%E3%81%AF%E3%81%84%E3%81%84%E3%81%8C%E5%B0%91%E3%81%97%E3%82%AC%E3%82%B9%E3%80%82_-_panoramio.jpg,静岡県
熱海サンビーチ,あたみさんびーち,https://upload.wikimedia.org/wikipedia/commons/2/24/%E7%86%B1%E6%B5%B7%E3%82%B5%E3%83%B3%E3%83%93%E3%83%BC%E3%83%81_%285562938154%29.jpg,静岡県
修善寺温泉,しゅぜんじおんせん,"https://encrypted-tbn2.gstatic.com/faviconV2?url=https://commons.wikimedia.org&client=VFE&size=32&type=FAVICON&fallback_opts=TYPE,SIZE,URL&nfrp=2",静岡県
寸又峡温泉,すまたきょうおんせん,"https://encrypted-tbn2.gstatic.com/faviconV2?url=https://commons.wikimedia.org&client=VFE&size=32&type=FAVICON&fallback_opts=TYPE,SIZE,URL&nfrp=2",静岡県
舘山寺温泉,たてやまてらおんせん,https://upload.wikimedia.org/wikipedia/commons/b/b7/Kanzanji.jpg,静岡県
竜ヶ岩洞,りゅうゖいわほら,https://upload.wikimedia.org/wikipedia/commons/d/d1/%E6%B5%9C%E6%9D%BE%E5%B8%82%28%E7%AB%9C%E3%83%B6%E5%B2%A9%E6%B4%9E%E3%80%8C%E9%B3%B3%E5%87%B0%E3%81%AE%E9%96%93%E3%80%8D%29%E4%B8%8A%E3%81%AE%E3%81%BB%E3%81%86%E3%81%8C%E9%B3%B3%E5%87%B0%E3%81%8C%E7%BE%BD%E6%A0%B9%E3%82%92%E5%BA%83%E3%81%92%E3%81%9F%E3%82%88%E3%81%86%E3%81%AB%E8%A6%8B%E3%81%88%E3%82%8B_-_panoramio.jpg,静岡県
名古屋城,なごやじょう,https://live.staticflickr.com/4013/4375936434_16c0da5e92_b.jpg,愛知県
熱田神宮,あつたじんぐう,https://live.staticflickr.com/2721/4375386995_d7fc58bda1_b.jpg,愛知県
トヨタ博物館,とよたはくぶつかん,https://live.staticflickr.com/7621/17016759878_8807fc6746_b.jpg,愛知県
東山動物園,ひがしやまどうぶつえん,"https://encrypted-tbn2.gstatic.com/faviconV2?url=https://commons.wikimedia.org&client=VFE&size=32&type=FAVICON&fallback_opts=TYPE,SIZE,URL&nfrp=2",愛知県
宝生院（大須観音）,ほうしょういん（おおすかんのん）,https://live.staticflickr.com/1966/43796622610_180e792982_b.jpg,愛知県
日泰寺,にったいてら,https://live.staticflickr.com/4916/46236320282_08bebdfa61_b.jpg,愛知県
伊良湖岬,いらこみさき,"https://encrypted-tbn2.gstatic.com/faviconV2?url=https://commons.wikimedia.org&client=VFE&size=32&type=FAVICON&fallback_opts=TYPE,SIZE,URL&nfrp=2",愛知県
名港トリトン,めいこうとりとん,https://upload.wikimedia.org/wikipedia/commons/9/96/%E5%90%8D%E6%B8%AF%E3%83%88%E3%83%AA%E3%83%88%E3%83%B301.jpg,愛知県
のんほいパーク　豊橋総合動植物公園,のんほいぱーく　とよはしそうごうどうしょくぶつこうえん,https://live.staticflickr.com/3799/8956089682_b32de95bd8_b.jpg,愛知県
清洲城,きよすしろ,https://upload.wikimedia.org/wikipedia/commons/4/41/%E6%B8%85%E6%B4%B2%E5%9F%8E_-_Kiyosu_Castle_-_panoramio.jpg,愛知県
おかげ横丁,おかげよこちょう,"https://encrypted-tbn2.gstatic.com/faviconV2?url=https://commons.wikimedia.org&client=VFE&size=32&type=FAVICON&fallback_opts=TYPE,SIZE,URL&nfrp=2",三重県
伊勢神宮内宮（皇大神宮）,いせじんぐうないぐう（こうだいじんみや）,https://live.staticflickr.com/7357/11709861076_f0b15199f4_b.jpg,三重県
夫婦岩,ふうふいわ,https://live.staticflickr.com/1582/24839643619_f15b4af91c_b.jpg,三重県
鬼ケ城,おにけしろ,"https://encrypted-tbn2.gstatic.com/faviconV2?url=https://commons.wikimedia.org&client=VFE&size=32&type=FAVICON&fallback_opts=TYPE,SIZE,URL&nfrp=2",三重県
伊勢神宮外宮（豊受大神宮）,いせじんぐうげぐう（とようけだいじんみや）,https://live.staticflickr.com/2805/11708963725_d19af70329_b.jpg,三重県
鳥羽水族館,とばすいぞくかん,"https://encrypted-tbn2.gstatic.com/faviconV2?url=https://commons.wikimedia.org&client=VFE&size=32&type=FAVICON&fallback_opts=TYPE,SIZE,URL&nfrp=2",三重県
馬越峠,うまこしとうげ,https://cdn.pixabay.com/photo/2017/06/10/06/38/view-2389148_1280.jpg,三重県
大王埼灯台,だいおうさきとうだい,https://upload.wikimedia.org/wikipedia/commons/c/c8/Daiozaki-todai_01.JPG,三重県
ミキモト真珠島,みきもとしんじゅしま,https://live.staticflickr.com/3404/3528343794_d9c7e4c3ed_b.jpg,三重県
丸山千枚田,まるやませんまいだ,https://upload.wikimedia.org/wikipedia/commons/e/e6/2011_07_13%E4%B8%B8%E5%B1%B1%E5%8D%83%E6%9E%9A%E7%94%B0%E5%85%A8%E6%99%AF.jpg,三重県
比叡山延暦寺,ひえいざんえんりゃくてら,https://live.staticflickr.com/5697/21756609814_27da9416fe_b.jpg,滋賀県
彦根城,ひこねしろ,https://live.staticflickr.com/4902/45620863605_293d39d419_b.jpg,滋賀県
安土城跡,あづちじょうあと,https://upload.wikimedia.org/wikipedia/commons/1/19/%E5%AE%89%E5%9C%9F%E5%9F%8E_-_panoramio_%289%29.jpg,滋賀県
石山寺,いしやまでら,https://live.staticflickr.com/4566/25108065028_9aed8857e7_b.jpg,滋賀県
近江八幡水郷めぐり,おうみはちまんすいごうめぐり,,滋賀県
竹生島,たけおしま,https://upload.wikimedia.org/wikipedia/commons/e/ee/Chikubu_island01s3200.jpg,滋賀県
びわこ花噴水,びわこはなふんすい,https://upload.wikimedia.org/wikipedia/commons/9/95/%E3%81%B3%E3%82%8F%E3%81%93%E8%8A%B1%E5%99%B4%E6%B0%B4.jpg,滋賀県
近江舞子水泳場,おうみまいこすいえいば,,滋賀県
三筋の滝,みすじのたき,"https://encrypted-tbn2.gstatic.com/faviconV2?url=https://commons.wikimedia.org&client=VFE&size=32&type=FAVICON&fallback_opts=TYPE,SIZE,URL&nfrp=2",滋賀県
八ツ淵の滝,はちつふちのたき,,滋賀県
清水寺,きよみずでら,https://blogimg.goo.ne.jp/user_image/10/b0/100501b4ae4f9f48bd525cd25c172fb6.jpg,京都府
鹿苑寺（金閣寺）,ろくおんてら（きんかくじ）,https://live.staticflickr.com/5580/14951995628_693693d72d_b.jpg,京都府
銀閣寺（慈照寺）,ぎんかくじ（じしょうてら）,https://upload.wikimedia.org/wikipedia/commons/0/06/Ginkakuji_Kyoto03-r.jpg,京都府
鈴虫寺,すずむしてら,https://live.staticflickr.com/2825/11037337624_34ec82fc29_b.jpg,京都府
伏見稲荷大社,ふしみいなりたいしゃ,https://live.staticflickr.com/3860/14902887978_37b293f9d7_b.jpg,京都府
竹林の小径（嵐山）,ちくりんのこみち（あらしやま）,https://live.staticflickr.com/5606/15632522792_4350ceb763_b.jpg,京都府
渡月橋（嵐山）,とげつはし（あらしやま）,https://live.staticflickr.com/1555/25099558651_577082bd98_b.jpg,京都府
天橋立,あまのはしだて,https://live.staticflickr.com/1560/24836245310_dfaaa6e0a6_b.jpg,京都府
伊根の舟屋,いねのふねや,https://live.staticflickr.com/1571/24580570603_80d13aec5a_b.jpg,京都府
平等院,びょうどういん,"https://encrypted-tbn2.gstatic.com/faviconV2?url=https://commons.wikimedia.org&client=VFE&size=32&type=FAVICON&fallback_opts=TYPE,SIZE,URL&nfrp=2",京都府
大阪城天守閣,おおさかじょうてんしゅかく,https://live.staticflickr.com/5582/30525079972_550dfb1cf5_b.jpg,大阪府
海遊館,かいゆうかん,https://live.staticflickr.com/4044/4470932787_b8314b6353_b.jpg,大阪府
仁徳天皇陵古墳,にんとくてんのうりょうこふん,"https://encrypted-tbn2.gstatic.com/faviconV2?url=https://commons.wikimedia.org&client=VFE&size=32&type=FAVICON&fallback_opts=TYPE,SIZE,URL&nfrp=2",大阪府
久宝寺緑地,きゅうほうじりょくち,https://upload.wikimedia.org/wikipedia/commons/6/67/Kyuhoji_Ryokuchi_Park06.JPG,大阪府
大浜公園,おおはまこうえん,https://itot.jp/27141/wp-content/uploads/2017/06/225586_18-03_sakai_19.jpg,大阪府
りんくうタウン,りんくうたうん,"https://encrypted-tbn2.gstatic.com/faviconV2?url=https://commons.wikimedia.org&client=VFE&size=32&type=FAVICON&fallback_opts=TYPE,SIZE,URL&nfrp=2",大阪府
ひらかたパーク,ひらかたぱーく,https://upload.wikimedia.org/wikipedia/commons/4/4a/Hirakata_Park.jpg,大阪府
滝畑四十八滝,たきはたけしじゅうはちたき,https://upload.wikimedia.org/wikipedia/commons/a/a9/Arataki%28Takihata_48_Waterfalls%29.jpg,大阪府
銀の峰ハイキングコース,ぎんのみねはいきんぐこーす,https://encrypted-tbn0.gstatic.com/images?q=tbn:ANd9GcQub7hmn1rw9uDInCDVTc_GjARkxopiabhQz1oBOB4x9LzEsUSDIXRj28lBxTJcfEXLUQ4&usqp=CAU,大阪府
堺HAMONOミュージアム（堺刃物伝統産業会館）,さかいHAMONOみゅーじあむ（さかいはものでんとうさんぎょうかいかん）,https://upload.wikimedia.org/wikipedia/commons/a/ae/Sakai_HAMONO_Museum.jpg,大阪府
姫路城,ひめじじょう,https://live.staticflickr.com/1668/25192170165_1cd2ed3562_b.jpg,兵庫県
竹田城跡,たけだしろあと,https://upload.wikimedia.org/wikipedia/commons/2/26/%E7%AB%B9%E7%94%B0%E5%9F%8E.JPG,兵庫県
城崎温泉,きのさきおんせん,https://live.staticflickr.com/1545/24584333344_d01e8fc9a4_b.jpg,兵庫県
国営明石海峡公園,こくえいあかしかいきょうこうえん,https://upload.wikimedia.org/wikipedia/commons/b/b1/AKNGP02s3200.jpg,兵庫県
生田神社,いくたじんじゃ,https://live.staticflickr.com/1135/538601509_d90d90a7cf_b.jpg,兵庫県
有馬温泉,ありまおんせん,https://upload.wikimedia.org/wikipedia/commons/b/b5/%E6%9C%89%E9%A6%AC%E6%B8%A9%E6%B3%89_06.JPG,兵庫県
北野異人館街,きたのいじんかんまち,https://live.staticflickr.com/5651/30575461981_75db95d156_b.jpg,兵庫県
神戸ポートタワー,こうべぽーとたわー,https://upload.wikimedia.org/wikipedia/commons/a/a7/Kobe_Port_Tower03bs3200.jpg,兵庫県
六甲山,ろっこうさん,https://upload.wikimedia.org/wikipedia/commons/d/dd/%E5%85%AD%E7%94%B2%E5%B1%B1%E3%81%8B%E3%82%89%E6%9C%9B%E3%82%80%E3%80%81%E7%A5%9E%E6%88%B8%E3%81%AE%E5%A4%9C%E6%99%AF%E3%80%82%E7%99%BD%E3%81%BF%E3%81%AF%E3%81%98%E3%82%81%E3%82%8B%E7%A9%BA%E3%80%82_-_panoramio.jpg,兵庫県
相楽園,そうらくその,https://upload.wikimedia.org/wikipedia/commons/8/83/Sorakuen08st3200.jpg,兵庫県
奈良公園,ならこうえん,https://live.staticflickr.com/7541/15294751503_3c9dd9f430_b.jpg,奈良県
春日大社,かすがたいしゃ,"https://encrypted-tbn2.gstatic.com/faviconV2?url=https://commons.wikimedia.org&client=VFE&size=32&type=FAVICON&fallback_opts=TYPE,SIZE,URL&nfrp=2",奈良県
東大寺,とうだいじ,https://upload.wikimedia.org/wikipedia/commons/2/2f/T%C5%8Ddai-ji_Kon-d%C5%8D.jpg,奈良県
正倉院正倉,しょうそういんしょうそう,https://upload.wikimedia.org/wikipedia/commons/4/4f/Shosin-shouso.jpg,奈良県
新薬師寺の萩,しんやくしじのはぎ,https://upload.wikimedia.org/wikipedia/commons/7/77/Nankai_50000_Rapit_in_Haginochaya_Station_DSCN3264_20120831.JPG,奈良県
長谷寺,はせてら,https://live.staticflickr.com/5663/20461630560_1e612c63ff_b.jpg,奈良県
薬師寺東塔,やくしじとうとう,https://live.staticflickr.com/3373/3518555944_9c9ca713d3_b.jpg,奈良県
吉野山ロープウェイ,よしのやまろーぷうぇい,https://upload.wikimedia.org/wikipedia/commons/a/aa/Yoshinoyama_ropeway.jpg,奈良県
當麻寺,とうまてら,https://live.staticflickr.com/3638/5705961991_9ba3a01421.jpg,奈良県
金峯山寺（蔵王堂）,みたけてら（ざおうどう）,"https://encrypted-tbn2.gstatic.com/faviconV2?url=https://commons.wikimedia.org&client=VFE&size=32&type=FAVICON&fallback_opts=TYPE,SIZE,URL&nfrp=2",奈良県
熊野古道大雲取・小雲取街道（熊野古道）,くまのこどうだいうんしゅ・しょううんしゅかいどう（くまのこどう）,https://hillmont.tw/wp-content/uploads/2020/01/%E5%B8%95%E5%BE%B7%E9%9A%86-150x150.jpg,和歌山県
大門,だいもん,https://live.staticflickr.com/7362/11100210336_38f7d042c0_b.jpg,和歌山県
白崎海岸,しらさきかいがん,https://upload.wikimedia.org/wikipedia/commons/3/3b/%E7%99%BD%E5%B4%8E%E6%B5%B7%E5%B2%B8.jpg,和歌山県
熊野那智大社,くまのなちたいしゃ,https://live.staticflickr.com/65535/50266282198_9d8d20ee0b_b.jpg,和歌山県
女人堂,にょにんどう,https://www.photolibrary.jp/mhd3/img323/450-2014010621481324615.jpg,和歌山県
慈尊院,じみこといん,https://upload.wikimedia.org/wikipedia/commons/3/3a/Jisonin_hondo.jpg,和歌山県
丹生官省符神社,たんじょうかんしょうふじんじゃ,https://upload.wikimedia.org/wikipedia/commons/5/52/Niukanshobujinja_02.JPG,和歌山県
白良浜海水浴場,しろりょうはまかいすいよくじょう,https://upload.wikimedia.org/wikipedia/commons/2/2c/%E7%99%BD%E6%B5%9C%E6%B5%B7%E6%B0%B4%E6%B5%B4%E5%A0%B4_%28%E4%BD%90%E4%B8%96%E4%BF%9D%E5%B8%82%29.jpg,和歌山県
白浜温泉,しらはまおんせん,https://upload.wikimedia.org/wikipedia/commons/6/63/%E5%8D%97%E7%B4%80%E7%99%BD%E6%B5%9C%E6%B8%A9%E6%B3%89%EF%BC%88Nanki_Shirahama%EF%BC%89_-_panoramio.jpg,和歌山県
円月島,えんげつしま,https://live.staticflickr.com/65535/49127927741_f8a53616b1_b.jpg,和歌山県
鳥取砂丘,とっとりさきゅう,https://live.staticflickr.com/7385/15812344624_6149bb67a3_b.jpg,鳥取県
浦富海岸,うらとのみきし,https://live.staticflickr.com/8582/16233387857_524e670547_b.jpg,鳥取県
大山（伯耆富士）,おおやま（ほうきふじ）,https://upload.wikimedia.org/wikipedia/commons/c/c7/Daisen.JPG,鳥取県
白兎神社,しろうさぎじんじゃ,https://live.staticflickr.com/3738/10962212084_46ccc3871d_b.jpg,鳥取県
鳥取温泉,とっとりおんせん,https://upload.wikimedia.org/wikipedia/commons/9/90/Misasa_onsen01bs3200.jpg,鳥取県
皆生温泉,かいけおんせん,https://upload.wikimedia.org/wikipedia/commons/4/46/%E7%9A%86%E7%94%9F%E6%B8%A9%E6%B3%89_%E8%B6%B3%E6%B9%AF_Jan_3%2C_2007.jpg,鳥取県
水木しげる記念館,みずきしげるきねんかん,https://live.staticflickr.com/7362/16389129025_17dae5072b_b.jpg,鳥取県
水木しげるロード,みずきしげるろーど,https://upload.wikimedia.org/wikipedia/ja/9/9f/Sakaiminato_Mizuki_Shigeru_Road_Nopperabou_Statue_1.jpg,鳥取県
弓ヶ浜,ゆみゖはま,https://live.staticflickr.com/3066/2332859352_879a3521dc_b.jpg,鳥取県
江島大橋,えじまおおはし,https://upload.wikimedia.org/wikipedia/commons/0/05/%E6%B1%9F%E5%B3%B6%E5%A4%A7%E6%A9%8B.JPG,鳥取県
出雲大社,いずもたいしゃ,https://live.staticflickr.com/7384/10571299993_84805529f9_b.jpg,島根県
石見銀山遺跡,いわみぎんざんいせき,"https://encrypted-tbn2.gstatic.com/faviconV2?url=https://commons.wikimedia.org&client=VFE&size=32&type=FAVICON&fallback_opts=TYPE,SIZE,URL&nfrp=2",島根県
太皷谷稲成神社,たいこたにいねせいじんじゃ,https://upload.wikimedia.org/wikipedia/commons/a/ac/Torii_of_Taikodani_Inari_Shrine.jpg,島根県
隠岐国賀海岸,おきくにがかいがん,https://live.staticflickr.com/1148/1240032265_30fcda825c_b.jpg,島根県
殿町掘割,とのまちほりわり,,島根県
仁摩サンドミュージアム,にまさんどみゅーじあむ,https://upload.wikimedia.org/wikipedia/commons/e/ef/%E4%BB%81%E6%91%A9%E3%82%B5%E3%83%B3%E3%83%89%E3%83%9F%E3%83%A5%E3%83%BC%E3%82%B8%E3%82%A2%E3%83%A0%E6%A1%88%E5%86%85%E6%9D%BFIMGP0808.JPG,島根県
稲佐の浜,いなさのはま,https://live.staticflickr.com/5457/9507853999_d1b9649d9c_b.jpg,島根県
五百羅漢（羅漢寺）,ごひゃくらかん（らかんてら）,https://upload.wikimedia.org/wikipedia/commons/e/ee/Gohyakurakanji_Meguro.JPG,島根県
琴ヶ浜,こんゖはま,https://upload.wikimedia.org/wikipedia/commons/a/ac/070603KotogahanaPointVeiw01.jpg,島根県
日御碕神社,にちおさきじんじゃ,https://live.staticflickr.com/4091/5171256397_f9915dcef7_b.jpg,島根県
倉敷美観地区,くらしきびかんちく,https://kurashiki.goguynet.jp/wp-content/uploads/sites/44/2020/04/IMG_0087.jpg,岡山県
岡山後楽園,おかやまこうらくえん,https://upload.wikimedia.org/wikipedia/commons/4/4b/Okayama_Korakuen_Garden01.jpg,岡山県
湯原温泉,ゆはらおんせん,https://upload.wikimedia.org/wikipedia/commons/3/35/%E6%B9%AF%E5%8E%9F%E6%B8%A9%E6%B3%89_-_panoramio.jpg,岡山県
岡山城,おかやまじょう,https://live.staticflickr.com/2808/9945041486_cfacd1471b_b.jpg,岡山県
吉備津神社,きびつじんじゃ,https://upload.wikimedia.org/wikipedia/commons/f/fd/Kibitsu_Jinja_10_cropped.jpg,岡山県
旧遷喬尋常小学校,きゅうせんきょうじんじょうしょうがっこう,https://upload.wikimedia.org/wikipedia/commons/c/c9/Senkyo_Ementary_School_Old_Schoolhouse.JPG,岡山県
蒜山高原,ひるぜんこうげん,https://upload.wikimedia.org/wikipedia/commons/3/3a/Hiruzen_01.jpg,岡山県
ＲＳＫバラ園,ＲＳＫばらその,https://upload.wikimedia.org/wikipedia/commons/6/61/RSK_Rose_Garden_01.jpg,岡山県
塩釜冷泉,しおがまれいせん,https://static.amanaimages.com/imgroom/rf_preview640/26169/26169002775.jpg,岡山県
奥津温泉,おくつおんせん,https://upload.wikimedia.org/wikipedia/commons/0/0d/Okutsu_Onsen_03.jpg,岡山県
原爆ドーム,げんばくどーむ,"https://encrypted-tbn2.gstatic.com/faviconV2?url=https://commons.wikimedia.org&client=VFE&size=32&type=FAVICON&fallback_opts=TYPE,SIZE,URL&nfrp=2",広島県
郡山城跡,こうりやましろあと,"https://encrypted-tbn2.gstatic.com/faviconV2?url=https://commons.wikimedia.org&client=VFE&size=32&type=FAVICON&fallback_opts=TYPE,SIZE,URL&nfrp=2",広島県
鞆の浦,とものうら,"https://encrypted-tbn2.gstatic.com/faviconV2?url=https://commons.wikimedia.org&client=VFE&size=32&type=FAVICON&fallback_opts=TYPE,SIZE,URL&nfrp=2",広島県
仙酔島,せんすいしま,https://upload.wikimedia.org/wikipedia/commons/b/b8/%E9%9E%86_%E4%BB%99%E9%85%94%E5%B3%B6_-_panoramio.jpg,広島県
千光寺公園展望台,せんこうじこうえんてんぼうだい,"https://encrypted-tbn2.gstatic.com/faviconV2?url=https://commons.wikimedia.org&client=VFE&size=32&type=FAVICON&fallback_opts=TYPE,SIZE,URL&nfrp=2",広島県
三世代テーマパークみろくの里,さんせいだいてーまぱーくみろくのさと,,広島県
常清滝,つねきよたき,https://upload.wikimedia.org/wikipedia/commons/9/9d/Jousei_Waterfall.JPG,広島県
嚴島神社,いつくしまじんじゃ,https://live.staticflickr.com/6167/6238723456_c429c55a01_b.jpg,広島県
神楽門前湯治村,かぐらもんぜんとうじむら,https://upload.wikimedia.org/wikipedia/commons/1/14/%E7%A5%9E%E6%A5%BD%E9%96%80%E5%89%8D%E6%B9%AF%E6%B2%BB%E6%9D%91.jpg,広島県
君田温泉森の泉,きみたおんせんもりのいずみ,,広島県
角島大橋,かくしまおおはし,https://upload.wikimedia.org/wikipedia/commons/0/0f/%E8%A7%92%E5%B3%B6%E5%A4%A7%E6%A9%8B%EF%BC%91.jpg,山口県
秋芳洞,しゅうほうどう,https://live.staticflickr.com/1725/40748720260_abf1a234d1_b.jpg,山口県
秋吉台,あきよしだい,https://upload.wikimedia.org/wikipedia/commons/c/c9/%E7%A7%8B%E5%90%89%E5%8F%B0.jpg,山口県
下関市立しものせき水族館・海響館,しものせきしりつしものせきすいぞくかん・うみきょうかん,https://live.staticflickr.com/8666/16348017922_5585f4fed2_b.jpg,山口県
金子みすゞ記念館,かねこみすゞきねんかん,https://live.staticflickr.com/7119/6989633814_8af73a94ec_b.jpg,山口県
松陰神社,しょういんじんじゃ,https://image.curama.jp/i/0x0/blog/de47cdbb-580b-4dbe-9ded-46e38a3a1cb1/6e92eb91-2661-49bc-908c-3b54119e3326.jpg,山口県
錦帯橋,きんたいはし,https://live.staticflickr.com/2107/1792896460_68bad42a7f_c.jpg,山口県
瑠璃光寺五重塔,るりみつでらごじゅうとう,https://live.staticflickr.com/5214/5461103719_496572f4e6_b.jpg,山口県
とことこトレイン,とことことれいん,,山口県
岩国城,いわくにしろ,https://upload.wikimedia.org/wikipedia/commons/f/fa/Iwakuni_castle_05-03.jpg,山口県
鳴門海峡,なるとかいきょう,https://live.staticflickr.com/3245/2830345022_9115a7edd1_b.jpg,徳島県
祖谷のかずら橋,いやのかずらはし,https://live.staticflickr.com/5539/11007648454_df880b9564_b.jpg,徳島県
南町地区(うだつの町並み),みなみまちちく(うだつのまちなみ),https://upload.wikimedia.org/wikipedia/commons/b/b8/Wakimachi_Minami-machi_in_Mima_Tokushima_pref01.jpg,徳島県
渦潮,うずしお,https://live.staticflickr.com/743/32633777536_d238e68f20_b.jpg,徳島県
月見ヶ丘海浜公園,つきみゖおかかいひんこうえん,,徳島県
剣山,けんざん,https://upload.wikimedia.org/wikipedia/ja/5/59/%E5%89%A3%E5%B1%B1%E7%99%BB%E5%B1%B1%E3%83%AA%E3%83%95%E3%83%88.JPG,徳島県
奥祖谷観光周遊モノレール,おくいやかんこうしゅうゆうものれーる,,徳島県
奥祖谷二重かずら橋,おくいやにじゅうかずらはし,https://upload.wikimedia.org/wikipedia/ja/4/4a/Tokushima_Miyoshi_Okuiya_Double_Kazurabashi_4.JPG,徳島県
薬王寺,やくおうてら,https://maruchiba.jp/shiroi/spot/images/16881_max.jpg,徳島県
太龍寺,たりゅうてら,https://upload.wikimedia.org/wikipedia/commons/f/f6/%E5%9B%9B%E5%9B%BD%E9%9C%8A%E5%A0%B4_%E7%AC%AC%E4%BA%8C%E5%8D%81%E4%B8%80%E7%95%AA%E6%9C%AD%E6%89%80_%E5%A4%AA%E9%BE%8D%E5%AF%BA_%E5%A4%A7%E5%B8%AB%E5%A0%82%E3%81%A8%E4%B8%AD%E8%88%88%E5%A0%82%EF%BC%88%E5%B7%A6%EF%BC%89_-_panoramio.jpg,徳島県
金刀比羅宮,ことひらみや,https://live.staticflickr.com/8415/29884690462_c6570828c6_b.jpg,香川県
瀬戸大橋,せとおおはし,https://cdn.pixabay.com/photo/2017/02/12/08/45/seto-inland-sea-2059512_1280.jpg,香川県
栗林公園,くりばやしこうえん,https://live.staticflickr.com/2838/10888999143_2d605eea86_b.jpg,香川県
エンジェルロード,えんじぇるろーど,https://live.staticflickr.com/4136/4815878862_7439739045_b.jpg,香川県
直島諸島,なおしましょしま,https://upload.wikimedia.org/wikipedia/commons/4/42/Naoshima_islands.jpg,香川県
鬼ヶ島大洞窟,おにゖしまおおほらくつ,https://live.staticflickr.com/2805/10537663514_872f19a87d_b.jpg,香川県
丸亀城,まるがめしろ,https://upload.wikimedia.org/wikipedia/commons/5/50/%E9%A6%99%E5%B7%9D%E7%9C%8C%E4%B8%B8%E4%BA%80%E5%B8%82%E4%B8%B8%E4%BA%80%E5%9F%8E_-_panoramio_%2830%29.jpg,香川県
プレイパークゴールドタワー,ぷれいぱーくごーるどたわー,"https://encrypted-tbn2.gstatic.com/faviconV2?url=https://pxhere.com&client=VFE&size=32&type=FAVICON&fallback_opts=TYPE,SIZE,URL&nfrp=2",香川県
総本山善通寺,そうほんざんぜんつうじ,https://upload.wikimedia.org/wikipedia/commons/d/db/Zentsuji-ha_office_Zentsuji01n4592.jpg,香川県
こんぴら温泉,こんぴらおんせん,https://upload.wikimedia.org/wikipedia/commons/b/b0/Kagawa_g%C3%A9olocalisation_relief.svg,香川県
道後温泉,どうごおんせん,https://upload.wikimedia.org/wikipedia/commons/7/7e/%E9%81%93%E5%BE%8C%E6%B8%A9%E6%B3%89%E6%9C%AC%E9%A4%A8%E6%AD%A3%E9%9D%A2.jpg,愛媛県
松山城,まつやまじょう,https://upload.wikimedia.org/wikipedia/commons/0/07/%E6%9D%BE%E5%B1%B1%E5%9F%8E%E5%A4%A9%E5%AE%88_%282372904566%29.jpg,愛媛県
坊っちゃんカラクリ時計,ぼっちゃんからくりとけい,https://upload.wikimedia.org/wikipedia/commons/f/fc/%E5%9D%8A%E3%81%A3%E3%81%A1%E3%82%83%E3%82%93%E3%82%AB%E3%83%A9%E3%82%AF%E3%83%AA%E6%99%82%E8%A8%88_-_panoramio.jpg,愛媛県
宇和島城,うわしましろ,"https://encrypted-tbn2.gstatic.com/faviconV2?url=https://commons.wikimedia.org&client=VFE&size=32&type=FAVICON&fallback_opts=TYPE,SIZE,URL&nfrp=2",愛媛県
臥龍山荘庭園,がりゅうさんそうていえん,https://upload.wikimedia.org/wikipedia/commons/b/bd/%E5%91%A8%E9%98%B2%E5%B1%B1%E5%8F%A3_%E5%B8%B8%E6%A0%84%E5%AF%BA%E5%BA%AD%E5%9C%92.jpg,愛媛県
うちぬき,うちぬき,https://upload.wikimedia.org/wikipedia/commons/6/62/IyosaijoStationPlatformUtinuki.JPG,愛媛県
石手寺二王門,いしててらにおうもん,https://upload.wikimedia.org/wikipedia/commons/c/c1/Ishite-ji%28Temple%29_Matsuyama_City.JPG,愛媛県
瀬戸内しまなみ海道,せとうちしまなみかいどう,https://live.staticflickr.com/3377/4635582713_999eb7a57d_b.jpg,愛媛県
来島海峡の潮流,らいしまかいきょうのちょうりゅう,https://upload.wikimedia.org/wikipedia/commons/f/f7/Daikakuhana20210627_1.jpg,愛媛県
今治城,いまばりしろ,"https://encrypted-tbn2.gstatic.com/faviconV2?url=https://commons.wikimedia.org&client=VFE&size=32&type=FAVICON&fallback_opts=TYPE,SIZE,URL&nfrp=2",愛媛県
桂浜,かつらはま,https://upload.wikimedia.org/wikipedia/ja/7/79/Kochi_Katsurahama_Daytime_2.JPG,高知県
高知城,こうちしろ,https://upload.wikimedia.org/wikipedia/commons/c/cc/Kochi_Castle09.JPG,高知県
はりまや橋,はりまやはし,https://live.staticflickr.com/2082/2039118227_e2a4742c14_b.jpg,高知県
香美市立やなせたかし記念館　アンパンマンミュージアム,かみしりつやなせたかしきねんかん　あんぱんまんみゅーじあむ,https://live.staticflickr.com/7393/12446217835_3d69fc4c26_b.jpg,高知県
清流仁淀川,せいりゅうによどがわ,https://upload.wikimedia.org/wikipedia/commons/2/27/%E4%BB%81%E6%B7%80%E5%B7%9D%E6%94%AF%E6%B5%81%E3%83%BB%E5%9C%9F%E5%B1%85%E5%B7%9D%E3%81%AE%E6%B8%85%E6%B5%81.jpg,高知県
北川村「モネの庭」マルモッタン,きたがわむら「もねのにわ」まるもったん,https://upload.wikimedia.org/wikipedia/ja/6/63/Kitagawa_Monet_Marmottan_Water_garden_1.JPG,高知県
岩崎弥太郎生家,いわさきやたろうせいか,https://upload.wikimedia.org/wikipedia/ja/3/3e/Aki_Iwasaki_Yataro%27s_Birth_place_1.JPG,高知県
中岡慎太郎館,なかおかしんたろうかん,https://upload.wikimedia.org/wikipedia/ja/3/38/Kitagawa_Nakaoka_Shintaro_Museum_1.JPG,高知県
伊尾木洞シダの群落,いおきほらしだのぐんらく,https://upload.wikimedia.org/wikipedia/commons/c/c6/Iokido_cave_fern_community_06.jpg,高知県
室戸岬,むろとみさき,https://upload.wikimedia.org/wikipedia/commons/a/a9/Cape-Muroto-20100526.jpg,高知県
太宰府天満宮,だざいふてんまんぐう,https://live.staticflickr.com/616/32626693086_7a36cc307e_b.jpg,福岡県
旧三井港倶楽部,きゅうみついみなとくらぶ,https://upload.wikimedia.org/wikipedia/commons/2/2a/Former_Mitsui_Port_Club_20170717-1.jpg,福岡県
北九州市旧大阪商船,きたきゅうしゅうしきゅうおおさかしょうせん,https://upload.wikimedia.org/wikipedia/commons/1/19/Former_Osaka_Shosen_Moji_Branch_Office_2008.jpg,福岡県
藤江氏魚楽園,ふじえしさかならくえん,,福岡県
八女福島の町並み,やめふくしまのまちなみ,,福岡県
筑後吉井「白壁の町並み」,ちくごよしい「しらかべのまちなみ」,,福岡県
小倉城,こくらじょう,https://upload.wikimedia.org/wikipedia/commons/4/4f/Kokura-jo-teien.jpg,福岡県
水田天満宮（恋木神社）,すいでんてんまんぐう（こいきじんじゃ）,https://upload.wikimedia.org/wikipedia/commons/9/9f/Koinoki_Shrine_in_Mizuta_Temman_Shrine.jpg,福岡県
福岡城跡,ふくおかしろあと,https://upload.wikimedia.org/wikipedia/commons/0/03/Fukuoka_castle_2006_01.jpg,福岡県
怡土城跡探望歩道,いとしろあとたんぼうほどう,,福岡県
嬉野温泉,うれしのおんせん,https://upload.wikimedia.org/wikipedia/commons/5/50/%E5%AC%89%E9%87%8E%E6%B8%A9%E6%B3%89%E9%A7%85.jpg,佐賀県
国営吉野ケ里歴史公園,こくえいよしのけさとれきしこうえん,,佐賀県
有田ポーセリンパーク,ありだぽーせりんぱーく,https://live.staticflickr.com/220/485022225_4a41736f57_b.jpg,佐賀県
佐賀県立九州陶磁文化館,さがけんりつきゅうしゅうとうじぶんかかん,https://upload.wikimedia.org/wikipedia/commons/9/9d/Kyushu_Ceramic_Museum_S-VII-76_Iroe-Umerankanmadoemon-Sara.JPG,佐賀県
伊万里大川内山,いまりおおかわうちやま,https://upload.wikimedia.org/wikipedia/commons/0/05/Okawachiyamma_street_scene.jpg,佐賀県
武雄温泉,たけおおんせん,https://upload.wikimedia.org/wikipedia/commons/d/de/Takeoonsen_rohmon.jpg,佐賀県
武雄・嬉野メルヘン村,たけお・うれしのめるへんむら,,佐賀県
武雄の大楠,たけおのおおぐす,https://upload.wikimedia.org/wikipedia/commons/8/8e/%E6%AD%A6%E9%9B%84%E3%81%AE%E5%A4%A7%E6%A5%A0_-_panoramio.jpg,佐賀県
三瀬ルベール牧場どんぐり村,みつせるべーるぼくじょうどんぐりむら,"https://encrypted-tbn2.gstatic.com/faviconV2?url=https://commons.wikimedia.org&client=VFE&size=32&type=FAVICON&fallback_opts=TYPE,SIZE,URL&nfrp=2",佐賀県
佐賀県立佐賀城本丸歴史館,さがけんりつさがしろもとまるれきしかん,https://upload.wikimedia.org/wikipedia/commons/f/f2/%E4%BD%90%E8%B3%80%E5%B8%82%E6%AD%B4%E5%8F%B2%E6%B0%91%E4%BF%97%E9%A4%A8_-_panoramio.jpg,佐賀県
雲仙地獄,うんぜんじごく,https://live.staticflickr.com/1916/31427385818_5b204630e7_b.jpg,長崎県
稲佐山,いなさやま,https://live.staticflickr.com/4774/26855820508_cf8c124733_b.jpg,長崎県
雲仙岳,うんぜんだけ,https://upload.wikimedia.org/wikipedia/commons/1/12/20140516%E9%9B%B2%E4%BB%99%E6%B8%A9%E6%B3%89%E3%81%A8%E9%9B%B2%E4%BB%99%E5%B2%B3.jpeg,長崎県
長崎鼻（長崎県）,ながさきはな（ながさきけん）,https://upload.wikimedia.org/wikipedia/commons/b/b1/Choshi-NagasakiHana-FarView-2018072101.jpg,長崎県
大浦天主堂,おおうらてんしゅどう,https://upload.wikimedia.org/wikipedia/commons/4/4b/Oura_Cathedral_20180623.jpg,長崎県
ハウステンボス,はうすてんぼす,https://live.staticflickr.com/1953/43485836710_36319ac280_b.jpg,長崎県
眼鏡橋,めがねはし,https://live.staticflickr.com/3564/3357281193_c431cce458_b.jpg,長崎県
長崎新地中華街,ながさきしんちちゅうかがい,https://live.staticflickr.com/745/22034354942_1a250b3660_b.jpg,長崎県
青砂ヶ浦天主堂,せいさゖうらてんしゅどう,https://upload.wikimedia.org/wikipedia/commons/9/91/Aosagaura_Church.JPG,長崎県
平和祈念像,へいわきねんぞう,https://upload.wikimedia.org/wikipedia/commons/d/de/%E9%95%B7%E5%B4%8E%E5%B9%B3%E5%92%8C%E5%85%AC%E5%9C%92%E3%83%BB%E5%B9%B3%E5%92%8C%E7%A5%88%E5%BF%B5%E5%83%8F.jpg,長崎県
熊本城,くまもとじょう,https://cdn.pixabay.com/photo/2014/05/06/09/13/kumamoto-castle-338739_1280.jpg,熊本県
黒川温泉,くろかわおんせん,https://live.staticflickr.com/8178/8003520079_c26491ba28_b.jpg,熊本県
大観峰展望所,たいかんみねてんぼうところ,https://upload.wikimedia.org/wikipedia/commons/0/00/Mount_Aso_kabuto-iwa_viewpoint.JPG,熊本県
水前寺成趣園,すいぜんじじょうしゅその,https://live.staticflickr.com/4170/34511493701_bd529552a4_b.jpg,熊本県
【休館中】夏目漱石内坪井旧居,【きゅうかんちゅう】なつめそうせきないつぼいきゅうきょ,https://artne.jp/uploads/sprite/item/image/144/thumb_mini_a93e7cec02.jpg,熊本県
山鹿温泉,やまがおんせん,https://live.staticflickr.com/6060/6381753337_21f63878c1_c.jpg,熊本県
雲巌禅寺・霊巌洞・五百羅漢,くもがんぜんでら・れいがんほら・ごひゃくらかん,https://upload.wikimedia.org/wikipedia/commons/c/c6/Iwato_Kannon_500_Rakan_03.jpg,熊本県
【放水中止】通潤橋,【ほうすいちゅうし】とおりじゅんはし,,熊本県
妙見ヶ浦,みょうけんゖうら,,熊本県
草千里ヶ浜,くさせんりゖはま,https://upload.wikimedia.org/wikipedia/commons/c/cc/%E5%B1%95%E6%9C%9B%E5%8F%B0%E3%81%8B%E3%82%89%E8%8D%89%E5%8D%83%E9%87%8C%E3%81%B8%E3%81%AE%E7%9C%BA%E3%82%81_-_panoramio.jpg,熊本県
別府温泉,べっぷおんせん,https://live.staticflickr.com/5827/30696154642_3aa62a266a_b.jpg,大分県
由布院温泉,ゆふいんおんせん,https://upload.wikimedia.org/wikipedia/commons/f/f5/Yufuin_Onsen_-Mus%C5%8Den_02.jpg,大分県
別府の地獄,べっぷのじごく,https://upload.wikimedia.org/wikipedia/commons/c/c9/Beppu_Chinoike-jigoku03n3200.jpg,大分県
金鱗湖,きんりんみずうみ,https://live.staticflickr.com/3236/3366748309_f78407fdfc_b.jpg,大分県
臼杵石仏,うすきせきぶつ,https://live.staticflickr.com/3299/3575088875_ae48ebfc22_b.jpg,大分県
鉄輪温泉,てつりんおんせん,https://live.staticflickr.com/5827/30696154642_3aa62a266a_b.jpg,大分県
観海寺温泉,かんうみてらおんせん,https://upload.wikimedia.org/wikipedia/commons/a/ae/Beppu_suginoi_hotel.jpg,大分県
柴石温泉（市営）,しばいしおんせん（しえい）,https://live.staticflickr.com/3656/3366735187_5798812060_b.jpg,大分県
明礬温泉,みょうばんおんせん,https://upload.wikimedia.org/wikipedia/ja/8/86/MyobanOnsenYunohanagoya.jpg,大分県
浜脇温泉,はまわきおんせん,https://upload.wikimedia.org/wikipedia/ja/5/58/Beppu_city_suburbs_01.jpg,大分県
サンメッセ日南,さんめっせにちなん,https://live.staticflickr.com/8159/7295729594_f4bdd39714_b.jpg,長崎県
フェニックス・シーガイア・リゾート,ふぇにっくす・しーがいあ・りぞーと,https://live.staticflickr.com/5127/5371944139_ef534a5aa7_b.jpg,長崎県
青島（宮崎県）,あおしま（みやざきけん）,https://upload.wikimedia.org/wikipedia/commons/d/d4/2021-01-07_Aoshima_Island_%28Miyazaki%29Aerial_photography%E9%9D%92%E5%B3%B6_%28%E5%AE%AE%E5%B4%8E%E7%9C%8C%29DJI_0249_%282%29%E7%A9%BA%E6%92%AE.jpg,長崎県
日向岬・馬ケ背,ひゅうがみさき・うまけせ,https://upload.wikimedia.org/wikipedia/commons/4/4f/%E9%A6%AC%E3%83%B6%E8%83%8C.png,長崎県
国見ヶ丘,くにみがおか,https://upload.wikimedia.org/wikipedia/commons/d/d1/Kunimigaoka%2C_Takachiho-1.jpg,長崎県
鵜戸神宮,うどじんぐう,https://live.staticflickr.com/5231/7096316273_2f6cb507f3_b.jpg,長崎県
都井岬,といみさき,https://upload.wikimedia.org/wikipedia/commons/d/d9/Cape_toi_-_%E9%83%BD%E4%BA%95%E5%B2%AC_-_panoramio_%287%29.jpg,長崎県
高千穂峡,たかちほきょう,https://live.staticflickr.com/7092/7195069924_e0bc967ac3_b.jpg,長崎県
照葉大吊橋,しょうようだいつりばし,https://upload.wikimedia.org/wikipedia/commons/0/0b/Big_suspension_bridge_of_Aya%2C%E7%B6%BE_%E7%85%A7%E8%91%89%E5%A4%A7%E5%90%8A%E6%A9%8B_-_panoramio.jpg,長崎県
千尋自然公園遊歩道,せんじんしぜんこうえんゆうほどう,,長崎県
桜島,さくらしま,https://live.staticflickr.com/4139/5416114188_7c9b1e2b40_b.jpg,鹿児島県
仙巌園,せんがんその,https://live.staticflickr.com/5258/5418905594_9a7d879b22_b.jpg,鹿児島県
指宿温泉,いぶすきおんせん,https://live.staticflickr.com/5053/5415603327_f5fd8341c5_b.jpg,鹿児島県
霧島神宮,きりしまじんぐう,https://live.staticflickr.com/3311/3265812590_02627627cd_b.jpg,鹿児島県
西郷隆盛銅像,さいごうたかもりどうぞう,https://live.staticflickr.com/8660/16473903090_1282e1e6af_b.jpg,鹿児島県
湯之平展望所,ゆゆきたいらてんぼうところ,https://upload.wikimedia.org/wikipedia/commons/4/44/Yunohira_Observatory_with_Kagoshima_City_Central.jpg,鹿児島県
塩浸温泉,しおしんおんせん,https://upload.wikimedia.org/wikipedia/commons/4/43/Shiohitashi_spa.jpg,鹿児島県
出水麓武家屋敷群,しゅっすいふもとぶけやしきぐん,https://upload.wikimedia.org/wikipedia/commons/c/c6/Tatebaba_dori_Izumi.JPG,鹿児島県
出水市ツル博物館クレインパークいずみ,しゅっすいしつるはくぶつかんくれいんぱーくいずみ,,鹿児島県
出水市ツル観察センター,しゅっすいしつるかんさつせんたー,,鹿児島県
沖縄美ら海水族館,おきなわびらかいすいぞくかん,https://upload.wikimedia.org/wikipedia/commons/1/17/%E6%B2%96%E7%B8%84%E7%BE%8E%E3%82%89%E6%B5%B7%E6%B0%B4%E6%97%8F%E9%A4%A8%EF%BC%BF%E5%A4%A7.jpg,沖縄県
首里城,しゅりしろ,"https://encrypted-tbn2.gstatic.com/faviconV2?url=https://ja.wikipedia.org&client=VFE&size=32&type=FAVICON&fallback_opts=TYPE,SIZE,URL&nfrp=2",沖縄県
海中道路,かいちゅうどうろ,https://live.staticflickr.com/166/406767728_d6924f2b00_b.jpg,沖縄県
奥武島の畳石,おうしまのたたみいし,https://upload.wikimedia.org/wikipedia/commons/8/81/Tatami_ishi.JPG,沖縄県
万座毛,まんざけ,https://live.staticflickr.com/7368/27436013610_d00b2af328_b.jpg,沖縄県
ハテの浜,はてのはま,https://upload.wikimedia.org/wikipedia/commons/0/02/Hateno-hama_beach_%E3%81%AF%E3%81%A6%E3%81%AE%E6%B5%9C_DSCF7887.JPG,沖縄県
石垣島ゴルフ倶楽部,いしがきしまごるふくらぶ,,沖縄県
伊原間サビチ洞,いはらかんさびちほら,,沖縄県
波の上ビーチ,なみのうえびーち,https://upload.wikimedia.org/wikipedia/commons/0/00/2021-04-08_Beach_Naminoue%2CNaha%2COkinawa%28%E6%B3%A2%E3%81%AE%E4%B8%8A%E3%83%93%E3%83%BC%E3%83%81%29_DJI_Mini2-0005.jpg,沖縄県
水納島,みんなしま,https://upload.wikimedia.org/wikipedia/commons/e/e7/Minnajima_beach%2C_Okinawa.jpg,沖縄県
